x1,x2,x3,x4,x5,x6,y
-1.0,-0.7156446213371063,-0.033268935898538854,-0.7388410193414962,1.0,1.0,4.468062700731876
-0.8224364865853759,-0.6425261444709042,-1.0,-1.0,-1.0,-1.0,4.6164788791152835
0.1575854276133701,0.3782196111950008,-0.07215526918311099,-0.1405440106660646,0.04417918136647847,0.3759541158058662,0.852031140009758
1.0,0.801521227954817,1.0,1.0,-0.027210990361117515,0.434451785261085,-2.634662773281004
-1.0,-1.0,0.11144724140265419,0.03601282484314128,0.778229619614484,-0.42567256653938074,4.785841210466578
0.543769848197178,1.0,1.0,0.8719195840430947,0.7123399338280171,0.17279149624482365,-6.137191838165267
0.2554609412819986,1.0,-0.8527032838975035,-0.2839924896317247,0.2639088227533491,-1.0,2.554388577901628
-1.0,0.5824590624809978,-0.7215679342526315,-0.9108186986300429,-1.0,0.8784322550211527,4.26727318341244
-0.7413756929411162,-1.0,-1.0,-1.0,-0.27959731641097685,0.2169522326654441,-5.782301690514466
0.5954475291623593,-0.4809038539123821,-0.7071411026737461,0.9086327539662349,0.1298458097685295,-0.11841771968106612,-0.3693187358078453
0.601369364986208,0.06384695680701331,-1.0,0.9654140619050172,-0.5377273073519248,1.0,5.065698234731539
-0.15194809380569962,-0.7092147133933999,-0.4674348226231937,-0.2570077226826033,1.0,0.4803847271754125,-1.0846667850787264
-0.23032248482056028,-0.026128430177440598,-0.2488625159919482,1.0,-1.0,-1.0,1.3277779989248542
-0.022875564618057176,-0.7611356808222753,-1.0,-1.0,-0.5366040541561057,-0.8020027854931946,2.4223541992724074
0.5565669095560642,0.1336723769270165,-0.2637326821344746,0.5613746604471476,-0.7242019969258943,-0.07268157993173269,1.3752758445408895
-0.7178371702336259,-0.991923301457565,-0.3099764395005973,-1.0,-1.0,-0.9421770444308811,5.305672231559574
-1.0,0.08898084797304417,1.0,-1.0,-1.0,-0.7525409421663589,-2.0279968488457594
0.5726790001195801,-0.06849023462595238,-0.10608296758066332,-0.4905306615940403,0.5379073335140907,0.3231770835563639,0.22334880500018317
-0.7555762672764978,-0.16789667047384899,-1.0,0.6712309444186104,0.4553341764164459,1.0,8.357015462430706
-1.0,-1.0,0.5112607754612808,-1.0,-0.03638750128776036,0.7990390134389113,-3.682389474869992
0.5110488745908841,-0.8852531618088052,-0.13225717718657337,0.513283687773682,0.2539779257751372,0.16863132376295664,0.3109644425833823
-1.0,-1.0,-1.0,-0.14621827020116784,-0.28463723001554264,-0.35642805307937797,-4.213040028776273
1.0,1.0,1.0,1.0,1.0,1.0,-10.114388987117712
-1.0,-0.978875735705403,-1.0,-1.0,-0.46322945229881063,-0.2172077677787836,-4.620872124772871
-1.0,-1.0,-1.0,-0.40820151510826197,0.24763904656305102,0.24055579895561785,-5.5364879422684785
-1.0,-0.4422341000404767,-0.781949856736375,-0.1842393988213406,0.25031798090606594,1.0,4.875242110366128
1.0,-0.6299321331632619,0.2812110489571089,0.11991763760614235,1.0,1.0,-1.1459132131468328
-0.7815435108720884,-0.22511816257632533,-0.4270377439717083,0.1955776371252826,-1.0,-0.3645424625850304,-3.209446427532794
-0.6680774761015276,1.0,-0.09888309988677413,-0.9439323929847742,1.0,0.14255053419208302,4.941653306514501
0.1326943235388327,-0.435507400589925,-0.13776513968684845,-1.0,-0.8002014866337921,0.8416360246364966,4.19417448845089
0.6405998815562872,0.4688278196586055,1.0,-0.028718794895033817,1.0,0.4230751819881756,-2.8155460746700065
1.0,0.918575034266776,-0.7148749301333075,1.0,-1.0,-0.08038992683873636,7.365936254546868
-0.1800322648715756,-0.7600904550146911,-0.716406136012014,-0.8090613640197372,-0.7036900027037813,-1.0,3.72375208694767
-0.666806374520049,-0.12344602854551279,0.5095166237376372,0.09725328625438026,1.0,-0.4468514895251614,2.29821218891982
-0.24283526826515145,1.0,-0.7959074321606621,0.6678450581775577,-0.4702616170684413,0.19147523023487745,1.2713763282619102
0.5502415497783335,0.6017383943073658,0.7463478633322824,1.0,0.03397820230606555,-1.0,2.7885066595714925
-0.0462170128845531,1.0,1.0,-0.12213196996259179,0.5806124113607423,0.7504097290283128,-2.4069699255141046
-0.7748844223694185,0.6698151291272852,-0.16771715581938507,-0.23828956258601086,-1.0,-1.0,-2.1378539396849914
0.8601096364917459,-0.40065329762383456,-0.19234482696546973,-0.6975584311273065,-0.8458514214328388,0.2298293887010351,2.7009663227822247
-0.36645821017263797,0.0051688047268863,-0.7643425283965064,-0.9122135888802417,-1.0,0.14785550336257214,-0.9033344391292863
1.0,-0.7737800203173006,-0.10489726739182698,-0.16540797184833655,0.9628095561467764,-0.3987937641194843,-0.8369096021205715
0.7952183953923053,1.0,0.4155098813709679,0.8033625505035464,-0.13702931907893523,0.4821363175593667,0.16637565433992807
0.4443120010592283,0.0024362879896380196,-0.5683206920039903,0.8266484893480734,-0.0481620751199493,-0.7736499750507678,1.5568193337444312
-0.8104888804044237,-0.5337661307324822,-0.7752039841613569,-0.7290659227304411,-0.5809256716184206,-1.0,3.44388221112163
1.0,1.0,1.0,0.5368791262844741,0.8670169516144447,1.0,-7.774354429631545
-1.0,-0.9453577794677192,-0.2629666674019261,-0.2896275513108564,-1.0,-1.0,1.512438127663543
-1.0,-1.0,-0.5818910043695898,-1.0,-0.578427014497596,-0.7185585441935054,0.473073788519199
-1.0,-1.0,-0.748654083035631,-0.09777125063989245,0.8526054421911871,0.6658380181187601,0.47544842533522635
0.35221062332792186,1.0,1.0,0.11398002127125406,-1.0,-0.6408133076502864,-1.5309260491815053
-0.8363493742364854,-0.06502326422721993,-0.7924552483602199,-1.0,-0.9059265597640659,0.5418318517706244,-0.19249903452475198
-0.9870331372489985,-1.0,0.35378753500693316,-0.10600529238835665,-0.7144857873620694,-0.6234515672742516,2.429498475133186
-0.1741621080504566,-1.0,-1.0,-0.355926490281991,-1.0,-0.6360971513141669,0.12308718908826755
-1.0,0.2163550470231601,0.7934307725737249,0.27003446864186653,1.0,0.7443923800109857,0.6488328372492036
1.0,1.0,-0.16475935133233066,-1.0,0.6997239010314118,0.626756198721104,2.5911529468603343
0.7878732111830258,0.7850830425285955,1.0,1.0,0.6880746938009603,0.4828734119393423,-7.203545106044866
-1.0,-0.41226497313420607,-0.9599270397417176,-0.8935320808788008,1.0,-0.9053601178900473,3.2713068183404435
1.0,0.03477734823567058,1.0,1.0,0.738857324050802,0.8747475334223695,-6.2487858749823975
-1.0,-0.29116552170246457,-0.45745190575275596,-1.0,0.4432536998997052,-0.735388788747501,3.089980812520212
-0.5411358394852356,-1.0,-0.6589378649033226,0.3173785273546694,1.0,0.5464097600844464,0.27804377957281423
1.0,0.5409347939407447,-0.1977564012874754,0.9247449728256699,1.0,1.0,0.35755559016514216
-0.9054803618108193,-0.46766810656625696,0.20861442324261908,-0.25617621374506294,-0.1749189074685769,0.15852215836971884,-1.0612739547330146
0.24122920045254892,1.0,1.0,0.00977104057715672,1.0,-0.5077601869924213,-3.0619917025551757
1.0,-0.051355098696241,0.7835866609175409,1.0,-1.0,0.03176790614534081,3.520433324343908
-1.0,-0.02033842375805822,-0.536861125146704,-1.0,-1.0,-1.0,0.5269363268554594
-0.15312132854088678,-0.05029134093748766,-1.0,-1.0,0.18311324084033243,-0.7726015259609328,1.001953730084776
-0.46756170714662443,1.0,0.08108304580702158,0.7596825085411988,-0.5943695807810598,-1.0,2.9568207424904784
0.9396013988540886,-0.16234418856875377,0.8084156092394945,-0.6931979017819438,0.2680198492288375,0.09523699462097268,-0.9926261404847745
0.7668182915519042,0.7845785229027593,0.45990049581802195,-0.2277200766085401,-0.6844000882174257,0.23444706346243355,1.1514330130114006
-0.4434520601346948,0.3495914416637079,-0.03213743021755022,-0.34616262876867565,1.0,0.3788210120745536,2.6904768736639193
-0.17820900159889802,-0.32676323874383595,-0.5037255482491318,-1.0,-0.171967250800383,-0.5296889152038812,-0.08622979416108278
0.05044257949758485,-0.3382281813008458,1.0,1.0,1.0,-0.20905598552980809,-1.6747773408767885
0.5247088897866227,-0.3424569915728217,-0.31075998354449874,-1.0,0.07832667643538044,1.0,1.3650542503694476
-1.0,-1.0,-0.6561230023842387,-1.0,1.0,0.39046149333006475,-2.4722044428692813
0.42097934412702,0.6481937843859081,1.0,0.025980382882194182,0.7610838995779252,0.9933284541513768,-2.069466913297401
-0.3857336132438944,0.12021892825264116,0.044852360197733976,0.2790607128225848,0.6574883491032735,0.09377630497180756,-0.06311721460702113
-0.40134667037195093,-0.06535889606722445,-0.023259434831439108,-0.40175094881734397,0.7922812621401241,0.912129067950139,3.5150503622089113
0.9652560004382823,0.2253961928100856,0.6746459072679318,-0.37500738038363157,-0.3975874072969955,0.5014173674530905,0.8433779700866737
0.42690302879135616,0.5418619950217731,-0.7774403654418586,-0.4007977974797871,-0.9433558905798072,-0.46956596422214114,0.6813211297110054
-0.37202323321376896,-1.0,-0.4346900500631912,0.3014842938151362,1.0,0.6359669479734189,1.5805123503136125
-1.0,-1.0,-1.0,-0.13316935758147386,-0.5218001838236648,1.0,1.5558498847028772
-0.24169200720993306,0.2073734710135245,0.18073664084423507,0.4769821324562873,-0.4358475439305416,-0.37583950617271467,0.6298867401087216
-0.826732830423516,-0.8093224048115053,-0.3600403104910719,-0.7432571060815488,1.0,1.0,5.003119466224936
0.3035588787129466,1.0,0.48250681397973977,0.5440385171975815,0.9119344401107783,-0.5558146310320384,-1.336877105686224
0.7759945878357764,0.7263422829103989,1.0,1.0,-1.0,-1.0,6.383895583315077
-0.33883607255723225,-0.8084217541361205,-1.0,-0.7022837953741494,0.6133795144790821,1.0,2.979521853862655
-0.5237352499157094,-0.3461506619298609,-0.6211119696289442,-0.5073367600200522,1.0,0.35793388191140574,0.6785833872898093
1.0,1.0,0.25766035457516456,1.0,0.7832630004407588,1.0,-0.8284893581544639
-1.0,-1.0,-1.0,0.10517756381858362,0.30368709587854886,1.0,3.3673490856685726
-0.9066177594668713,-0.40256457463348916,-0.9970525102077517,-0.037876502941248225,-1.0,-1.0,1.4139944209751418
0.5772424250797643,1.0,1.0,1.0,1.0,0.26705922396085957,-7.54649841465503
-0.16973583739573894,-0.4032704153901716,-0.4036254480491346,0.5213288945173651,1.0,0.6737251003236592,2.0784516333181093
-1.0,-1.0,-0.8585906091092985,-1.0,0.6679957398875525,0.41588177591326625,-6.70393531207937
0.102707986106686,0.5106691972178079,-0.4685928199572298,1.0,0.18446452253514023,-0.8653781074293176,1.113255138472167
-0.8587895629979843,-1.0,-1.0,-0.8301721388502907,1.0,0.8456127312983033,-1.95560163568751
-0.4966129458970946,-0.4119036459348807,-0.7057058317394158,0.10344659382518434,-0.09368690145341896,-0.6560820720762612,0.07285786304052633
-0.9657751890593085,-1.0,-0.7439274096449943,-1.0,0.2893928072279137,-0.5810599813804129,-1.5701110615549596
-0.4302458248148817,-0.06657067464388289,-0.9821864283830413,-1.0,-0.2576638720305755,-0.109252080540375,-1.8189800328371095
0.6944331087283218,-0.9618699080361439,1.0,0.21918824122850392,1.0,0.3421107632409539,-1.8680972644482217
-0.5971629160120471,-1.0,-1.0,-0.41372892439017184,-0.133705101248753,1.0,2.1748191395235144
-0.584519717435545,0.5843731581217564,0.13205780946773713,-0.24955837140295417,1.0,1.0,6.041121986523517
-0.3266149601775049,-1.0,-1.0,-0.07168850244364838,-1.0,0.1301386614022871,-3.5640247112069714
-0.903931935977695,-0.2961853548620288,-0.5422674018752692,-0.3399326511061038,-1.0,-0.941608474674587,-1.3926649833866316
-0.21540805201388724,-0.24487364684726987,1.0,-0.3008402619892509,-1.0,-0.698188670617788,-0.1513428849668777
-0.4022909445003674,0.19069633711970457,-0.4178565709797251,-0.4590446744742244,1.0,0.33535216321412653,2.0278495023454295
0.9791143209576705,0.3310817233849478,-0.3137766791159161,0.5076691725321796,0.1199091934662535,-0.869400541885261,2.795240516036981
1.0,1.0,1.0,-0.06420851357948254,0.7647297301952833,1.0,-5.486458387314213
-1.0,0.9493248460375454,-0.7174950328679484,0.2167358949832841,-0.46503291145656567,-0.7853474934638912,3.2813198798445082
0.18508308801093598,0.16941353830135264,-0.5633861352739751,1.0,0.4282481100444787,0.4207881814650898,0.7302049003161607
1.0,1.0,1.0,0.5533263690217125,-0.19494261218337994,0.35136404385454045,-2.329632354201032
0.8000588829914753,1.0,0.4751262973022593,1.0,-0.48359585570657593,-0.8050243799198413,5.966124934700664
0.5666060406813097,1.0,-0.2187386599415776,0.9564882384238743,0.14981631182895538,-1.0,4.73454083790448
0.8406388005321894,0.18649509874822967,0.69925605889499,0.17309786875770183,-0.6885969782659435,0.1728629411501731,1.8613653656289322
-0.02539980897013583,-1.0,-0.2583625060172438,0.0399221092404089,-0.6612379586407702,-1.0,2.6442551902849525
-1.0,-1.0,-0.658736841064565,-1.0,-0.3760849189683142,0.1330403343404959,-4.971037821207444
-1.0,-1.0,-0.23454019018703498,-0.10977275569224493,-0.2232868471391316,-1.0,4.104070004570183
0.7229494784850506,1.0,-0.29269530945963956,-0.9952569556384451,-1.0,0.4238671004136389,9.546654859884033
0.18673430156251802,0.6974166840745691,1.0,0.873475915510237,0.03525717267684869,-0.4962925258760251,-0.5170737322200329
0.4432204346733961,0.553892023026459,0.2480415951288525,0.6458474465451072,-0.8708754269228809,-0.2845100474083344,2.717831151139615
-0.09148556376228073,0.0567477917960133,0.33812010923135455,0.2100623622353775,-1.0,-0.4843393904236818,-0.16802859024821215
-0.17156317815155575,1.0,0.030601456913058822,1.0,-0.13881496116842018,-0.934824108434108,2.7435424955175898
0.16368467860325342,-0.12001356151225351,-0.688743762779903,-1.0,-0.23513320123338827,-1.0,1.288459101333003
0.017836239447375057,-0.5456883702459217,0.024239297611924338,-1.0,-1.0,0.39268784141051893,3.1412010357321214
-0.8414915101100973,-0.8506938727138011,-0.601693225763372,-0.40909613920805254,-0.16672603371982508,0.8817192994582361,-1.5806064635561419
1.0,-0.05853281588459536,-0.18079253720692556,-0.7896240032125394,-0.9678228192837997,-1.0,7.298121587813968
-0.831070347246226,-0.4069891206387589,-0.5535537078969246,1.0,0.27482870688499983,0.12811808548434273,-0.7372267834509185
0.49246963144656025,-1.0,-0.12504574980592592,-0.9922744738301565,-0.0684073950275883,0.09073240388267931,0.4379714934839788
-0.02763822899169388,-0.1937217288238644,-1.0,-0.14206546800093633,1.0,1.0,5.859765678400519
-0.5855974411400524,-1.0,-0.9660274217822125,-0.46467139098685717,0.0052067458419208235,-0.7294514904549059,0.35478881056342626
1.0,1.0,0.5102094083205752,1.0,-1.0,0.8166825440708324,5.435645504271142
1.0,0.9160267852138564,-0.40946820790878724,0.5562125627721297,0.9665514812241597,-0.4377324944231612,-1.3159344074827413
1.0,0.8458221994584347,0.24811214578641594,1.0,-1.0,-0.43452069159025936,6.845209613942777
1.0,-0.6295108288051533,0.6211706420004091,0.07759601603765653,-0.3675748969317676,-0.990822489350617,7.747215484361104
-1.0,-1.0,0.05333287566937239,-0.7693522970445545,0.08600590252023854,0.2000994634460168,-2.088889059537621
-0.6030797709149359,-0.6186709800706214,0.9348593458873762,-0.4974919771543734,-1.0,-0.7142835099520781,0.15331039766923027
0.5582913138013658,0.7461116427074193,0.5633775158435038,-1.0,-0.07456122392800568,-1.0,1.7805713107173764
-0.021293966537306058,0.13860600591349687,0.16607771489579576,-0.5902748801603082,-1.0,-0.13983554291863687,0.927667710877897
-1.0,-1.0,0.46063908425915756,0.5646804300960332,0.33999239863086683,0.23710783394536805,1.076535817203061
-0.8671922928449805,-1.0,0.694684597068582,-1.0,0.16778790502886276,1.0,-3.4009630623505345
-0.025768340968251757,1.0,0.7673775182963516,0.47291977120604944,-0.4544982220787365,0.7645306834627316,-1.9100467970482147
1.0,0.7319630161946675,1.0,0.44846725217942546,-0.41414726204205504,-0.5258040332228541,2.7146189566732786
0.21687668406008015,0.1084327994203883,0.3464738247632555,0.22174991414152817,1.0,1.0,2.885031513001814
-0.7031216198540168,1.0,0.9799931609434472,1.0,-0.5149928721257127,-0.8667967975212145,-0.7111572683300719
-0.29515718940425273,0.3086134517202941,1.0,0.44792423210883425,0.13885364118369814,-0.7416307432626705,0.8886657824118374
-1.0,-1.0,-0.19198820800089167,-1.0,-0.631653935664698,-0.9607601384222182,5.042106938374618
0.35352781818598655,0.45189449418835337,-0.1535710333631688,-0.02502844675749233,-0.4469602035928374,-0.2859960858372656,0.06895726400172286
-0.4116543706089435,-0.26432237743311027,-0.9744980592165823,-0.410027803020961,-0.1725441614990051,0.47177795594461014,1.0635348463938663
0.37107574969121226,1.0,0.7768581470788416,0.8914916885536939,0.3798002966013044,-0.1892890574005064,-2.0520561832588555
-0.8215527666164565,0.3796095712966242,-0.9556406839682388,-0.5456360028666316,-1.0,-0.33509190387797505,-2.2099300582700003
0.5883731174217619,0.8684260591965234,-0.20924730372989558,0.7223288860393836,0.4810780512071984,-0.18568139253121796,-0.850349048605503
-1.0,-0.34974019591698857,0.5656419521207854,-1.0,-0.7466967276360269,-0.8033369289437191,1.4892751507630595
1.0,1.0,0.5298513928631667,1.0,1.0,1.0,-3.278759782320574
0.8347536236604849,0.7703837266622515,0.26496670718735427,1.0,0.579604320430515,0.32203341560793725,-1.977945762592258
-0.006885307166065169,1.0,-0.5487840668121184,1.0,-1.0,-1.0,5.837142599473787
-1.0,-0.62041036516207,0.5186959009879601,-0.022426267330830085,0.26076567337346224,-0.7656478100816826,3.6348269979062473
-1.0,-0.8043491870054146,-1.0,0.6409071824411251,1.0,-0.4220357971884094,-3.320427066083886
-0.9468718609970336,-1.0,-0.9952861953112553,0.9545242774572367,-1.0,-0.8127239388503462,-5.787778205860115
-0.35571310952250657,-0.9048201323761169,-1.0,-0.314987620020313,1.0,-0.23970095772437566,-3.03632358527613
1.0,1.0,0.38703737273593664,1.0,-0.18280332038210556,-0.37390335335348557,2.0089678249565135
0.016826270219971712,-0.04967377676390583,-1.0,-0.24062156394094183,-1.0,-0.8440784932914315,0.27667121964493124
0.5911751770729945,1.0,1.0,-0.235229687371328,1.0,1.0,-2.1458123109667975
-1.0,0.10861500077192454,-0.10982410857961666,0.47939588834992086,1.0,1.0,7.033579583926577
0.3676238318311653,0.5701580504315309,0.5744480043803286,0.011062720240065715,-1.0,-0.8391514736166527,1.4379743650507724
-0.5541904942402572,-1.0,-0.6676189232899898,0.5170125067030206,-1.0,-0.3720425380891035,-2.7695906644310146
-0.8006618237604946,-1.0,-0.0075037575408190005,-0.16929890115503365,0.1417542897212425,0.6668207832369148,-1.044215833286891
-1.0,0.7149456395761128,1.0,0.723730187527918,0.40149524179780344,0.9362422816008378,-4.667848727398337
-1.0,-1.0,-0.025735048030359753,0.5676511114745058,0.735280150607666,-0.39121651126290174,2.832744774898992
-1.0,-0.3382293895764792,0.12894770684490908,-0.8209638600477456,0.5665623795320693,0.34653266899125923,1.8380702949702141
0.9713786094219015,1.0,1.0,1.0,-0.5454653369835325,-0.3046209466630099,3.2262018322711605
-0.37681568094300055,-1.0,-1.0,-1.0,-0.0758929962921508,-0.7285917183191051,-0.9017067750118742
-0.9267735502674187,0.43993735173300746,0.6860409054585751,-0.10518897452298542,0.25323292286853816,0.9809268311342771,-0.03706346297735452
-1.0,-0.34947121305718976,-1.0,-0.7195047001371104,0.33811269549096906,-0.924731477937162,4.96250747849377
0.11215506844037038,-0.9313698313905825,-0.3079124315865356,-1.0,0.47548494961869925,-0.6609106335007072,1.3771882899215293
-0.6584474574778988,0.11056979184937427,-0.6234245709076007,-0.9621173113172279,1.0,-0.2514264076058129,3.0203298058454133
-0.412447631857197,-1.0,-1.0,-0.11868090796414688,-1.0,-0.8789792167838641,-1.167605945485875
-0.2536540198883368,-1.0,-0.006547233441610123,-1.0,0.10970591181583456,-0.8088678040831911,3.3689451722327117
-0.6834050921554855,-0.1960729037999729,-0.6900279242430709,0.39233084943955865,0.046035068822216973,-0.24290445462836052,0.6359785904395892
-0.22846153821060344,-0.8662526942459581,-0.2514234837095226,1.0,-1.0,-1.0,2.843447291879985
0.6137845325467646,1.0,0.960212102039826,0.28294670947096545,0.26471078196986597,-1.0,-0.7377316185145558
-0.8684804273862659,0.0958160377814814,0.09933079386615129,-1.0,0.16535341138341061,0.45040078027463315,0.6355877995085042
1.0,1.0,1.0,-0.5129460805533366,1.0,0.7823226678327825,-3.7731433937046672
0.803122228317253,0.31934732343103556,1.0,0.8303167855162406,0.24268104881323616,0.11845322583217,-2.4260998753427128
-0.4449453851491547,0.08758464635261806,1.0,0.2991843334735169,0.18627647804982006,0.6212445552376049,-1.2110549528494978
-0.559029472758253,-0.6504561024771081,0.24588614680696194,-0.3322322410862206,-0.26874353751934976,-0.6004934413268648,1.439780436862882
-1.0,0.5108419804612107,0.9258353687633484,-0.16389015133270346,1.0,-1.0,2.25233364288456
0.044837387486945546,-0.4381598818556313,1.0,1.0,0.09649838461996346,-1.0,1.6160812678490677
-0.0684716921205073,0.9550056961174648,1.0,1.0,-0.00459488203116816,0.5572633790149636,-4.1116519193747125
1.0,-0.7227229169767457,-1.0,-0.9423273568650334,-0.7070177881401163,-0.6440297137793126,8.037207018904537
-0.027813680487457082,-0.8792486543264653,-0.05878715640934276,-0.27934843812832916,1.0,1.0,1.773642005552088
0.39689245643125437,0.491653100140218,0.3276145720706011,0.42444259798268014,-0.5354745738003905,-1.0,4.580380982923395
1.0,1.0,1.0,0.5969650893831226,-0.21163046898574345,1.0,-3.409556276845903
0.5105699882891006,1.0,1.0,0.555111467030306,-1.0,-0.5078773244077356,0.9159607639620049
1.0,0.5565633515928678,0.13950424402506956,1.0,-0.45940203780578553,-0.7921223007545477,5.926396056118023
-0.0775714410254647,0.37596894367869554,0.8522410808313041,0.6174948008016526,-0.05807051077341069,-1.0,2.5060643806792027
1.0,0.6066723257122478,0.9322622079057709,0.5570113993906599,0.37808477819612063,-0.48181688675796575,-0.7178456194141154
1.0,0.5272180878801795,0.01246670165065128,1.0,-0.2888362404567475,1.0,3.9786812427573452
0.03775746480110126,0.9256883609099795,1.0,0.4537345360407954,-0.13002262682636195,0.8688133297596394,-2.9281153139271408
0.6424624220850721,0.7999508216576501,1.0,-0.34303377909249694,-1.0,-1.0,1.3220609596371837
1.0,0.5772637295379801,0.03814315845315808,1.0,-0.13637459733906376,-1.0,7.442722211299662
1.0,0.8598514988824737,0.8473683110060335,0.6663117042711424,-0.1755574028305017,1.0,-1.4975780357731885
0.2791216023426152,-0.5013935231582064,-1.0,-0.6745454782718205,-0.12545171659714993,-0.45253237864364193,0.6794251994597769
1.0,1.0,0.3608451911607249,1.0,-1.0,-1.0,11.568664529469286
1.0,0.3262429037029574,0.4545105399969144,1.0,-0.42770377328214265,-0.937420070809786,5.830824416327984
1.0,0.37285573495413993,1.0,1.0,-0.04616155662061813,-0.3372279498996391,-0.2151199209613499
-0.6635571173456586,0.14681160186538017,-0.9413828743478068,-0.4728388676772754,-0.2350266445121797,0.5827610767946911,1.8437267857635005
-1.0,-1.0,-1.0,-1.0,0.07080487463142437,-0.0029639031337994615,-7.565964516149861
-1.0,-0.16924459188526472,1.0,-0.080442686488234,-0.1433010494668956,-1.0,2.9127742217251624
0.4238695956751076,-0.8769438627161148,0.09209114510007649,-1.0,1.0,-0.3167348061080648,1.732537154202601
-0.9534765461076189,-0.04361571952582066,-0.0999482731795982,-0.6776615970470299,0.13153413325839558,0.835031691850433,0.8767954308299144
1.0,0.7387872296379744,0.5796625212092628,-0.6211692578515482,1.0,1.0,0.8163563428038911
-0.700729361688592,0.27168059157068297,-0.34842080347277016,0.6568063585851044,1.0,1.0,8.220324524116812
0.49774201215809033,0.4837526472646454,-0.0037671407302394266,-0.5939538157028359,0.9415634403371324,-0.9203181844669319,0.8025842405594419
-0.9023653073422111,0.08357780037315635,-1.0,0.7306934348154853,0.7800127379428804,0.435513916064007,0.03216102278631827
0.1474850155324383,1.0,0.824844301554778,0.6951418697688316,0.5846980656843376,-0.5380388052199974,-3.0266771504514423
1.0,0.4670763193372447,1.0,1.0,0.36497880412146955,-0.48573071005406554,-1.1379273960657803
0.23638658899333342,-0.17797273068391228,-0.4055301360650747,-0.10172645011464909,0.2490739341670074,-0.7691851869727376,0.8724623705538648
0.41285807264067004,-1.0,-1.0,-0.6277226132195384,-1.0,0.5453643214256213,2.4488625309777654
0.8250285412959719,1.0,-0.44639438132644393,-0.7503767227407362,0.7231292507909222,-0.2755807525333349,-0.4683505420195331
-0.20258874370861057,-0.8337032918429609,-0.6138274808097196,-0.672718572635912,-1.0,-1.0,3.8697349352611887
0.8067550342410061,-0.30197222466195195,0.7165393736797944,-0.3141373910325696,-1.0,0.24809050963545023,2.652759527318266
-0.3964384763633234,-0.9095516155235057,-0.5006421352564525,-0.8256223961639387,0.18077215390396129,0.31888066858806435,-1.8242514403803032
0.5125157114384988,0.558440719183877,0.3016810345730829,1.0,-0.531909638038495,1.0,3.0635512509706446
-0.41098736335619834,0.8712563781430014,1.0,0.8423286409278513,-0.6057637983744426,-0.222575331900689,-1.7929558568893922
-0.2690865033649638,1.0,-0.295884695628233,-0.39762977175959,-1.0,-0.879965149043394,-1.1949685830618129
-0.5864424108450345,-1.0,0.38196800902054073,-0.3426890267762095,-0.9384496631037391,-1.0,3.666957995850331
1.0,1.0,0.7137844161660905,1.0,0.587366326700501,-0.23932574418389038,-3.006978418971336
0.3970822693715017,0.6495294499921971,0.920907084642834,0.5553741943047226,-0.028569317119488735,0.5060448867106916,-0.392391687128294
1.0,1.0,1.0,1.0,1.0,1.0,-10.068256456329095
-0.9934036018443786,-0.4463050193907283,-1.0,0.14995804652699846,0.3713327396283931,1.0,7.96963133579492
-0.22871601891697546,-1.0,-0.9255860361305275,-1.0,1.0,1.0,-1.588607167027042
-0.5394191276217445,-0.837440770299913,-1.0,-1.0,-0.6437683025658539,-0.764132515989904,1.5485903569503172
0.35566473872736376,0.43171136629455426,0.14748832180615873,-0.3393475593496421,-1.0,-1.0,3.2909840162322235
1.0,1.0,0.8666472949005732,0.7192859152614453,-1.0,-0.13868661627041012,3.840898964046057
-1.0,-1.0,-1.0,-0.4363189191648839,-1.0,-0.45204224802703863,-3.625776677449771
-0.5645463794699267,-1.0,-0.7384465658910642,-0.6377484040676588,0.8296073356420667,-0.40215034734005783,-2.0507236933387043
0.28172337676710146,0.8606868148337651,-1.0,-1.0,0.2940344583044923,1.0,9.738186627940012
-1.0,-0.41412736847646126,-0.8368752615178723,-0.5634063658892005,1.0,0.4512961664671923,-0.11546172037446184
-0.4257409996402106,-1.0,-1.0,-0.10469980982350346,0.17508103353336446,0.15930109547639462,-2.6620274173970713
-0.7497151753223015,-0.4346642052892475,0.9874436727079436,-1.0,-1.0,-0.7468162022824099,1.077958367349013
0.6156683783206642,0.13952480322268135,1.0,-1.0,0.502141522592978,-1.0,0.692278695005589
-1.0,-1.0,0.7412014522994994,-1.0,-0.3857200251419204,0.6453339925141397,-2.997050224443905
1.0,1.0,1.0,1.0,-0.12704567599163655,-1.0,2.647177704118426
-0.32133232794004485,0.04992220653953572,-1.0,-0.4864668658676069,-0.13262932463004362,-0.6906328530250128,0.29297649250609387
0.6192594006791934,1.0,-0.8515536096731089,-1.0,-0.7353924277363777,-0.6031734433432288,4.148072230439335
-1.0,-1.0,-1.0,-1.0,0.20210336274881127,-1.0,3.002841592588597
-1.0,-1.0,0.67614308284054,0.6304849316939696,0.568664276350492,0.7253116381970263,1.0577271206196497
-0.22009388695761833,-0.8592568951476671,0.7067342983103195,1.0,-1.0,0.4373726974854225,1.4848274459165287
0.6660235284363327,1.0,0.9597533963411649,0.20471056019739864,-0.947229123244591,1.0,0.8131413264140381
0.04026250023960243,-1.0,1.0,-1.0,-1.0,-1.0,10.047540231894006
-1.0,-1.0,-0.6128924391909102,0.44706169094569326,0.22999004874534568,1.0,2.1308175498614883
-0.16571277926162287,-0.7305574259699277,-1.0,-1.0,-0.09022511653245026,0.7400149323048628,-0.48520936056313324
1.0,1.0,1.0,-0.014003814656294522,-0.2961504404985501,-0.6124346438046738,0.22548077682412232
-1.0,-0.2879297862014384,0.2824052312955996,-1.0,-0.2133867752816565,-1.0,3.306395307691628
1.0,0.36873505672854767,1.0,0.7708246609066323,-0.9310981834174532,0.8702005268088866,3.2049607896952343
0.04097676856853749,1.0,-0.013003375754636143,0.31166860654696404,-0.3957045142536012,0.6010656259931481,1.414412213750363
0.5163710074894534,0.2807039182014106,0.6933215331567162,-0.12455005558406818,0.4400998071130162,0.48927802797365005,-0.693601881682884
0.9196529208426637,-0.6484412694817198,-0.5743095977831132,0.18572631108590254,-0.4222069063226163,0.5271478250475825,1.609474315320334
0.4059883092847367,-1.0,-0.7876435323044896,-0.13100177730601154,0.17552415247201103,1.0,-0.19042438013661922
-0.9762727189886085,-1.0,-0.18965938905076574,-0.6460519745311103,-0.2986831735873706,-0.14622969218409976,-0.8136403589907153
0.6296212002422019,0.6722810600753719,1.0,0.8684887780711825,1.0,0.6547190041583253,-5.344976463097814
0.6863185813047135,0.6209614975675555,1.0,1.0,-0.5994809634583399,-1.0,3.5368283122117665
-0.7364626583270608,0.4214869002780549,-0.5743904863532114,-0.4827427138339514,0.17755628364943893,-0.29614000910397836,0.4238045372908069
-0.3814151414378194,0.4661848080728031,-0.5697591438116811,-0.27907086826474736,-0.0069224371779670335,-0.40432643230914234,0.3534487020705404
0.2989388870707176,1.0,0.3608378648645717,1.0,-0.4356820340225287,0.5627497603534971,0.2250879026744397
-1.0,-1.0,-1.0,-1.0,-0.04578222428798717,1.0,-2.203208384844728
0.6599942312859544,-0.5788425155720728,-0.043499964928385926,-1.0,0.7977326409904232,-0.10178464823021227,0.6852728683509085
-0.511642370820985,-0.42178234238281465,-0.7644993528200573,-0.3760663694598192,1.0,0.5377400832884323,2.0934802560095216
-0.7780865255064379,-1.0,-0.9974717586851456,-0.2390441046314895,0.8367554138181681,0.9374479937403202,2.1004251903332243
-1.0,-0.5724386386566155,-0.1090468282889449,-1.0,-0.3693799479631856,0.5439830155029298,-1.2024633937149298
-0.6697796694094896,-0.1640625231983668,-0.6537466742151081,0.40040893455198245,0.0996452433076403,-1.0,3.231137436695665
-1.0,-0.15921949530992308,-0.05775580756559917,0.20066955074309495,-0.30175152534823724,0.14969494556466661,-1.1035219978259576
-0.8573478185298065,0.024686009051240687,-0.7390776018793317,-1.0,0.09502452128981831,-0.6996227103077655,0.3259337279062171
0.7942451528639207,0.7454247654883674,-0.5977907980117586,0.7480340845504253,0.30491990119258494,1.0,2.7526718226492983
0.5370769682318607,0.8064023822138031,0.16480364006081416,-1.0,0.183716745849049,0.7971551462753167,3.276736865577145
-0.7343402334944464,-0.5053742657041818,0.7233092860248146,0.6148503476897861,0.1776397768736751,0.6498599577028514,-0.8653614905042446
0.9834680046915152,0.5382935196630856,-0.5475595306226504,0.5721629269270998,-1.0,-0.7829228681923737,4.805152756610975
-0.010405910387333295,0.5067831936728129,1.0,0.5495848452032277,0.007078107971241088,-0.8413044217650735,1.4245110554492342
0.21248528528102817,-1.0,-0.256821273987133,-1.0,-0.32888968078952874,0.8330545292356759,1.2038279709103898
-1.0,-1.0,-1.0,-1.0,0.5841490958749258,1.0,-3.2313607395652566
-0.9634011227274866,0.08877305248211843,-0.7074358786714527,-0.47721576937107213,1.0,1.0,8.567352596508764
-0.8892277851057744,-0.9628103685751314,-0.2488274857931601,-0.2272199750456993,-0.7388011071970075,0.4951863306272808,-1.6449542714797587
1.0,0.8137043439921285,0.09915883536633241,0.5524899501222135,-0.9079925586650006,-0.8786023951159523,6.157454362146275
1.0,1.0,0.6425561130828321,0.6018447104863613,-0.27706715899789314,0.7268141597401533,-0.2679181871573835
0.9608778728409386,0.055683442852452636,1.0,0.183310392915901,-0.009957509753486526,-1.0,3.389244225153324
1.0,1.0,1.0,1.0,-1.0,-0.4176159279627352,6.545853387076047
1.0,0.1979561213242776,-0.43512363888382666,0.0188463373793894,0.6879843057487298,0.7609718100010952,-1.5373490500652958
-0.1693996658880621,-0.4715726831612908,0.11755412929904749,-1.0,0.5080665406443285,0.8666708932314263,1.8597991659031816
0.7411215248898735,-0.22454193559722846,1.0,0.3459862852337823,-0.8494455043676759,0.6144766712798838,1.8432707290630987
0.9079743243098096,0.8248647310438707,0.025135537799327257,0.02109351548858085,-1.0,0.3900552561602263,3.846640924335661
-0.7043110187016204,-1.0,0.07430216585717192,0.44997744057478734,-0.5511939936530135,-0.15543660362401268,0.15852381711004387
-0.18140201681753965,-0.20623464297571933,0.14502430539009653,0.9847557258926897,-1.0,-0.19795851419452526,0.31414816155213054
-0.23569682627900052,1.0,0.8068578130606192,-0.4826317683244015,-0.40566352592200794,-1.0,-2.660698287927456
-0.6948445530642176,-0.33417436962044883,0.5702725600660474,-0.33873234238172834,-1.0,-1.0,1.4977241584939793
1.0,0.5283368170853202,0.14551437792995736,0.7888535505090131,0.35977926272791183,0.39590878795745615,-0.8586596191836158
0.7687472572977896,-0.4203348550851722,-0.8652927620690138,-1.0,0.3627876129918588,1.0,0.7904166511285022
-0.722148780618699,1.0,1.0,1.0,1.0,1.0,-5.473189632565772
-1.0,0.013108763715308225,-1.0,-1.0,0.2520998265437542,-0.03992458566220369,-0.6549793025990223
0.20390177551333233,1.0,1.0,1.0,1.0,-0.7581587336986522,-6.0304818128405016
0.25066020208635903,0.5174075032416618,0.9018871201537588,1.0,0.760226736605297,-0.24031274265928626,-1.6464075859445308
0.7225978624663907,1.0,0.38908362207979597,1.0,0.1442277299437804,0.1213036724042553,-1.02305814289121
-0.3363135705526483,1.0,-0.5880788330813483,0.05315774627197467,-0.12593723408517388,-0.6234415072827266,1.4753846936395896
0.17961213570103612,0.31303810479338673,-0.12772415849797095,-0.2994462283352584,-0.3558206086324629,-0.34279793016261473,0.6469071926195963
1.0,0.9462560476721859,0.3790144753311713,0.14978150392561373,-0.15202546298898645,-0.30040153407463577,-0.22150947156931328
-0.42027444387001367,-0.5115492414198035,-1.0,-0.8549904345640726,1.0,-0.5152147811443538,-0.16045126391273468
1.0,0.5800350928289413,1.0,0.9560355619882649,-1.0,0.20994076922091714,4.064371380932838
1.0,-0.7370591782302442,0.8306161865507233,-0.11125583439421874,-0.7313197482401823,1.0,4.247055926248426
0.5872110738868023,0.6548572481980506,0.4480886888252079,1.0,0.5223118189489704,-0.060069745439033095,-1.6401804160733502
1.0,-0.1465739864559804,0.8037816664902984,0.120359207761635,-0.38075375731185457,-0.20785091182022905,2.3544379467356955
0.5528499225771377,1.0,0.2795375390923911,1.0,0.3487569235656194,-0.2141136020757795,-0.7269746020039463
-0.013040979842992531,-0.33484302181734993,0.3464598205806134,1.0,1.0,1.0,3.87046595831154
-1.0,-0.1803867012707541,0.4603196283414501,0.27358697813873806,0.8771620816721916,0.9467055280440604,3.0674119668062243
-1.0,0.238413201422551,-0.9804531991166849,-0.21668564730157636,-0.46056566502555873,-0.14107429531409044,-1.7382143261581091
-1.0,-1.0,0.025319670002748484,0.07616663239445848,0.4614539621135318,-1.0,6.0998020840103475
0.659895920678264,-1.0,-1.0,0.5360666953826903,0.09208465326415516,-1.0,-0.7928253462031462
1.0,0.011725681929995568,1.0,0.48115822566847166,0.297504387080445,0.5068338987533747,-1.6409837541707817
1.0,0.45582373171284496,1.0,0.10754442371279549,-0.7427656741841051,-0.19308409772760993,4.237626734421658
1.0,0.6107881201380836,1.0,0.15960152715671194,-0.2581577128137551,0.3286913412180341,0.4005709994730714
-0.9075174840866524,-0.9344225698303853,-0.7805566989542978,-0.14600292841484244,-0.28744219639228147,0.4234005043756043,-1.8679275597871028
-0.4119717702267879,0.6963524633024498,0.0025097179042764817,0.47509815783127446,0.6004088145040549,0.7030174937438309,2.2615546594006104
-0.9721825303127245,-0.034519207637253135,-0.5464655138265176,-1.0,-1.0,-1.0,0.7115028886576455
1.0,1.0,1.0,0.3455362019981134,1.0,0.35795706906844227,-6.4076758459238325
-0.5174374386424213,-0.49399079086190123,-0.45958305476769623,-0.6384286141578144,-1.0,-0.4357807779201414,0.2595889563676993
0.2502775736582489,1.0,1.0,0.7781830887918546,0.4590880121201173,1.0,-4.92673464284226
-0.37055803625342376,-1.0,-0.2954036299063784,-1.0,-0.3972459452528557,1.0,-0.45269634846241114
-1.0,-1.0,-1.0,-0.20328303905750922,0.2584052550545709,-0.5840867774854516,-1.0869467420722585
-1.0,-1.0,-0.9331612823678959,-0.1682599861754137,0.15742721194100726,-0.13238740160075865,-4.119082970732231
-0.9462835792868411,-1.0,-0.9313922715978299,-0.7335070429073867,-0.9552222142708127,-0.2604266718723766,-1.6805645603470445
-0.3224498702505254,-0.7575927139539889,0.7481759513746988,0.43192935336385085,-0.4685320048937138,-1.0,3.033201642951847
-1.0,-0.10622135271111754,-0.7968699990041637,-1.0,0.4328075425311182,-0.8114358114212266,2.3529475722412623
-0.34704487554515295,-1.0,-0.7133260855424672,-0.5047488658303751,0.5305937900108033,0.9361160704407314,0.4791139577667538
-0.05510417433173309,-1.0,-0.98358574368265,-1.0,-0.031118383673526373,-0.5568378606274066,-2.157815857243709
-0.31317202499524976,-0.4097290448928836,-1.0,-1.0,-1.0,-0.7828675479991416,1.2491651537223183
1.0,0.4928602107929785,0.05972517788341314,0.4543492384775496,-0.3415013492163397,0.27994979067350334,0.6725733062655325
1.0,0.03946165244131672,-0.37109723917105086,0.8466515900343385,0.6813208141313503,0.3278065164640045,-1.1688642070516684
-0.015141491713000443,0.7696291642176379,0.04103559298680562,0.5989025397822347,-0.03968480268516128,-0.9255826479125673,1.966818589288723
-0.2321554481040826,0.025621219846134524,-1.0,-0.7089515040615046,0.04503332467335877,1.0,7.174504103763656
-0.04630583917047659,-1.0,-1.0,-0.48139190188573044,1.0,1.0,0.6373924931621695
1.0,0.9802193576546872,0.16059507206744894,1.0,0.7629264031991674,1.0,-0.5205944203989925
-0.8369739859024861,1.0,-0.920655846765758,1.0,0.952290900289179,1.0,10.241540059469948
1.0,1.0,1.0,0.24782770551952216,-0.2296283805085918,-0.46498752224878503,1.0386130410086298
0.3891032225149794,0.9429802545119312,0.7669912293645537,0.7519492323789715,0.9360362559444024,0.140546343871518,-3.427023527672314
0.5807859395837456,0.6311221510538152,0.16740884510156678,1.0,0.6971323998889916,0.09115419679638966,-0.2907570018279759
-0.5028382652749707,0.7122084733030158,-0.005341915031210176,0.26709427126332036,0.3370570177511356,0.17487655473515196,0.22591638392348085
-1.0,0.08309332075859022,0.06692335100352187,0.7874045394059896,-1.0,-0.3169645693430956,-0.8742527116909706
-0.38989403222021624,0.1259725192076605,0.4210575573594866,0.08993046045957545,-0.4311754972267201,-0.4536051179153861,1.0917211278851582
-1.0,-0.44697963092604454,0.7333875723729555,0.2353282509586756,0.9904521484417163,1.0,0.39787863770326237
-0.9351277970451455,-1.0,0.48761581440342266,1.0,1.0,-0.9890151727454687,3.1577526934965476
0.0894873580701751,-0.7544873078980074,0.4075811253713515,-0.09916031604028064,0.9130531453911107,-0.8193158132177318,2.376327805837103
1.0,0.7989135834738814,1.0,0.8681504383627734,0.9382707916500191,1.0,-7.487521193137444
0.9008015326499201,-0.1778902180192925,-0.2439895523197515,0.2328788980175559,0.8194238891129737,0.28700524974599706,-1.5699354013222466
1.0,1.0,-0.21283328646025654,0.8713562290605242,1.0,1.0,1.3789622621706044
0.14565192157254775,1.0,-0.42688592527246316,0.28472048460207006,-0.1365045678036227,0.5240831338277072,2.391417919545404
-0.6210599082882311,-1.0,0.4789708987934478,-0.3777360354778292,0.10610135075509675,1.0,-0.5311300811863313
-0.8125944221403901,0.4583665148368674,-0.5622593335302752,0.5169162385107875,-0.2958929326996067,-0.1909967900294619,-1.035505005721517
0.7228584459089491,1.0,1.0,0.4016405378630141,-0.7644242943534633,-0.32857358397717573,0.7722255541024414
1.0,0.673136598691412,1.0,-1.0,-0.28184867560393934,0.1331252851598031,0.0817952055714213
0.9910730208287075,0.8106018292096917,0.08893428935290931,0.9314192975579247,0.06987536614719113,-0.41115856691863817,1.4692171616302536
0.2905882709171935,1.0,-0.6549728491485292,0.30294065632633116,1.0,1.0,7.78148717413299
0.14495604991146793,1.0,1.0,0.744945796785897,-0.6840325497038368,0.45897780179613146,-2.6764637731379315
-0.8840187829623282,0.5109080932236292,0.6207680216801521,-0.33106372381799976,-1.0,-0.5233451377212801,-2.1747835924427936
1.0,0.2048446677440512,0.3028273897790816,0.8367508759115416,-0.029728922397074697,1.0,2.6083759525445536
1.0,0.6041780069349858,0.1147420315787544,1.0,0.25884576636486467,0.02776158665217321,0.11448024032883652
0.5314315357112946,0.888872341678288,0.11696392552195697,0.8393729349905373,0.6708109979676526,-0.020325295347330956,-1.4901915866609077
-0.3214009485570364,-0.28537224755772517,-0.04287567124895375,-0.9156443625770565,-0.4252783416689656,-1.0,3.1337931030404342
0.6298732018513638,1.0,0.04606474890402312,0.34393164128231635,0.31418493934034686,1.0,2.370049676404787
-1.0,-0.6041823586100172,-1.0,-1.0,-0.10883373535049962,-1.0,4.356124113883312
0.8644298032386221,0.13352937829586553,1.0,0.18280015800178898,-1.0,-1.0,5.903279598933243
0.8028549273269163,1.0,-0.1208077066880402,-0.2330799953095436,0.1363728570208773,-1.0,1.4952389095730192
1.0,1.0,1.0,1.0,0.690248163674186,0.8734579810599594,-9.19761211496005
0.2743925212831005,-0.12241656794307165,-1.0,-0.27064187183011135,-0.18588599030122976,-0.4232080561167012,-0.08251603196119978
0.6861279736085228,-1.0,0.8543606999174698,-1.0,-1.0,0.8006045603773639,10.024678355511545
0.06521488394130873,0.15448249243490997,1.0,0.31151343445862467,-0.7028690219673115,-0.47359203963812135,-0.24017713574963206
0.897768974427156,0.2834564353065805,-0.1311694206826698,0.26835723667839584,0.01358884704188541,-0.3679669210196303,0.8507419327498089
-1.0,-1.0,0.2424948912475261,-0.08364834101169766,-0.26039668755577905,-0.6350539362277985,1.1918760926105028
-0.5355202181381955,1.0,0.17315328984690428,0.10926384152616497,-1.0,-0.9286959417991805,-1.3888772694145288
-0.3329993727802407,-0.667832806893949,0.5189320279791255,0.4670203303126201,0.29213762084084394,1.0,1.8098581505151738
0.8329351328768156,-0.2806433577043108,-0.9012641763651883,0.603935494025494,1.0,-0.6299978491090272,-4.284789900190647
-0.5092247268478318,-0.2441356190024615,-1.0,-0.6239651303922426,-1.0,-1.0,0.6822949652806548
0.7525040482194443,1.0,0.07728592988836216,-1.0,0.0019136117879426928,-1.0,2.2192422323269705
1.0,1.0,1.0,-0.5378607925356182,0.9831117487447154,0.022056993279859105,-3.6673010047194423
-1.0,-0.44593803170362145,0.3028626028875927,-1.0,0.24590201133977035,-0.2607672014542049,1.375032914950237
0.1340498761007481,0.6901656636075575,-0.259241681671518,-0.9777669237154519,0.7731635125266756,-0.8364545005254851,0.6273089600307132
-0.7575417563162453,-0.2281808982107064,0.07047196723713856,0.7799950022292297,-1.0,0.09276892907349066,-1.6627300952574295
-0.1286897767123395,0.3811186477990699,0.6806113736349985,-1.0,-0.0902115496027911,-1.0,0.6992114935231502
0.6978619093071174,0.042261296660385084,0.6193114782481629,-0.5202938194068238,-0.497349349970753,-0.35995347967465446,2.4896095675748904
0.6337064669129681,-0.8858902528252128,0.10278802259951969,-0.7804020893477378,0.38363203499940735,1.0,-0.11478876283777212
-0.48928897086511247,-0.7377466851247244,0.3681366411902034,-0.3027282121144561,0.70862654079263,1.0,2.157628626264537
-0.5934307555911928,-1.0,0.3438672390985619,0.524279231170103,-1.0,-0.8559527043498281,1.0631584444762279
1.0,0.735562742380699,0.419855953295699,0.7506345276773124,-0.5394823611945497,0.9638713775165706,3.8080664181031514
0.9769939415098257,0.9057955352997231,-0.2002685807826602,0.2715240765483147,0.0975255525745721,0.41688627776776543,0.37658016156743396
0.07811693313773327,-1.0,0.11807476359975289,-1.0,-0.6928805649266504,-0.31172313009679603,4.3648372310379395
0.9127322513812293,-0.9337360529212064,1.0,0.021152909246487,0.9283034938477543,0.38052588161441436,-3.3950887614239433
0.5049061896265894,-0.33246052859188097,-0.39249633250127347,1.0,0.521648934657807,0.5938347402457825,0.6939603273687962
1.0,0.8742464348098635,1.0,0.2697394776058467,0.09668573116280571,1.0,-4.115274300464281
-0.8050759167087927,0.7864636652878565,1.0,-1.0,0.80101894133556,0.29567894676953066,-2.4306614088723104
-0.2641936755378598,-1.0,-0.982736450910674,-0.7948973701963737,-0.7303187370664542,1.0,2.7847967065962025
0.40240141018693537,0.03963476779219387,-0.2008956961087437,-0.5287502754224352,0.21936852856117733,-0.5569265447101437,0.8309234493452384
-0.3629736025313379,-1.0,-0.5905348291445578,-1.0,1.0,-0.15920697513371154,-1.0105041684237843
0.2205819669572693,0.2809307051732731,0.481780108381123,0.05465185957997648,-0.6311122268002347,-0.11502258455923406,-0.8219031672341202
0.5388337572717463,0.7639634801599513,0.1448549363389663,1.0,-0.8647420151987709,0.8394887774276127,4.397574246869626
-0.5678824938031897,0.07019292582325687,-0.2453806025124648,0.9734429885036726,-0.26313994066057467,-1.0,2.9952054372654087
-0.1463183156491411,-1.0,0.5560646735885411,-1.0,-0.2911914437630024,-0.5054147900834611,3.6306618373683825
-0.21360289544135092,-0.2569639070719597,0.3827923937895508,-0.4544950575859613,0.593838308092514,1.0,0.7778622381059556
-1.0,-0.5721862706930727,-0.6016967646155513,-1.0,1.0,-0.3580324965947987,2.549698119625624
-0.5674105850355071,-0.8130007139840303,0.2032501118437542,0.8849122167990522,-0.528460204243884,-0.9075868622180028,1.081244962585414
-0.74846273696439,-0.19234637701717894,0.16566233413955328,-1.0,1.0,0.1490233863764715,3.745913183152999
-0.10952215628567513,0.24370539478407693,0.6106900443270535,-0.5785641235713047,0.40458009946123114,0.058050450549278876,-0.2730571202410263
-0.5529150001440442,-0.20250362594318316,0.9480502265061166,-0.06183229413921776,-0.5008112640726083,1.0,-1.999773898737881
0.511417873379147,0.3423050423460464,-0.8443930421207305,1.0,0.35099908977382677,0.550361196003131,-0.008134337715888312
-0.2998962186183575,0.25032560782892066,-0.8196641110173997,1.0,1.0,-0.6924559315611479,0.08412705274679334
0.12241022627114137,-0.5347779075545855,-1.0,-0.31391301228766477,-0.3644869818449865,-0.6860684886423136,1.6282718771583857
0.6803537584935866,0.8677123857653037,0.2801525725396894,1.0,-0.11982442317298936,0.3286251897287844,0.12972252586610156
0.14986118275398608,-0.3283641818524463,0.36538109339510405,-0.236517719280385,0.956515356498819,-0.11759917392682917,0.5803362268691445
0.7261573451617465,1.0,0.21279496390566588,0.6801067265627838,1.0,0.6851585768700417,-2.1124910176455907
0.3543184107758165,-1.0,-0.48306227939614604,-0.11081765262965337,-0.13673918777570945,0.7662444608531068,-0.2816422095953321
1.0,0.37290885603019686,1.0,1.0,-0.5246942371546734,-0.10441848219027206,2.07068769940879
-0.2516540313546081,-0.8011080736188303,0.3118499710827972,-0.6160629023938318,0.6581303867043375,0.19462436318991,0.10512852861950045
-0.2771890148868541,-1.0,-0.7749410822229389,-1.0,0.13198189419657064,0.46266661689732896,-4.195523478743764
1.0,1.0,1.0,0.44588034669692633,1.0,1.0,-6.908023124067746
-0.6490886205889868,-1.0,-0.24308776438218982,-0.12937592767623385,-0.08183829111051366,0.6765173525347004,-0.2951259174679882
-0.8416901609113279,0.2913621903379519,0.9208203835926516,-0.7320858355487134,-0.13845760981106192,-0.32692112510960714,-0.2698770419611194
-1.0,-0.18941995595457728,-0.38050294261029627,-0.33471696612988777,-0.6805724145078778,0.1622338530763624,-1.5897962358584818
0.4206991739541088,0.08862015566272141,0.9674078814405859,0.7610705304902194,1.0,1.0,-1.4729702441721124
-0.6108154957304766,0.027868952051345847,0.9286687929132721,-0.795915611627438,-0.24757176268462716,-0.14959497522537724,-1.1687527766907022
0.3553007762292657,1.0,-0.32955508672658673,1.0,0.9596270716844391,0.2517681693497403,-1.1880776280117207
0.5766706754629124,0.1252866320851383,0.14142845987915498,-0.9884595964569782,0.0004157708300036589,0.8282721305862273,1.3703910692707364
-0.36552394757986056,-0.5045724010652128,-0.8048716059273457,0.3566679143891463,-0.33477391945631046,0.32867492228487993,0.06723358501110338
0.23761043246084723,0.4859183937105508,-0.6292566302407105,0.9559533170068715,0.24888009913515108,-1.0,2.5754733568527017
-0.12036951419426997,0.14652072471320104,1.0,-0.2219557213188678,0.1384129129621554,0.47172976730476696,-1.0673087991432466
-1.0,-0.13892864532267124,-1.0,-1.0,0.491788880348199,-0.9277911379827507,4.682084677231579
-0.17181328315455371,-0.688044713716677,-0.2469876733411506,0.579079564169764,1.0,0.04343991289524818,-0.7359117005096196
0.017168070315874584,1.0,-0.5313289938649616,-0.6743666717734376,0.2070978433067684,-0.10987004184473043,0.6777827142794159
-0.18210172249106643,0.6368328294011494,0.6683256545741221,0.3502176183606308,-0.5772949845073398,0.37281714850932823,-0.6315554554562695
-0.8295230441198729,0.30919777848396385,0.4826164865271148,0.3169963513634725,0.7356477839247378,-0.2656061096148558,1.548186761251612
-1.0,-1.0,-0.8178272892106211,-1.0,-0.008873304664144127,0.22936357138828775,-6.362787002874937
1.0,-0.2911482758452814,-0.4048451826919394,-0.8387764390277628,1.0,0.23091441726495154,-1.8054168925867051
0.8899163959456933,1.0,1.0,1.0,-0.3696673399914706,-0.23741173149100903,1.2312648514717077
-1.0,-0.33973155554629186,0.7954011594522755,-0.36056581638611496,-1.0,0.5888687699893245,-5.579657402900854
0.8764972886787541,-0.38103433860369834,-1.0,-0.03300813629597596,-0.9770971703223781,-0.23641764544984478,4.415176731524689
-0.30347918166214993,0.07045850141309923,0.31559934706356274,0.12498400201045645,-0.10048280472931226,-0.22979360128781767,0.5525465887281891
-0.69837607507876,-0.6565182377799781,-1.0,-1.0,-1.0,-0.3577279438292044,-0.30347073886202897
-1.0,0.7075596578954756,-0.2949816330983654,-0.43789126912023707,-0.06318833392565401,0.6943220495630288,2.1791699892299614
1.0,0.6649636029345705,1.0,1.0,0.6146556863454535,0.4267969341875894,-6.2588115205514825
-0.2090236522260505,-0.1924261164186088,0.27522483323178565,0.04952146253612219,1.0,-0.43413025573954367,1.3731814268545488
-0.471374934685882,-0.870892083177794,-0.8846823268230222,0.7525179236546085,0.3258767817332111,0.182476142898508,-2.1156308756995803
-1.0,-0.5786100155734146,-1.0,-1.0,1.0,1.0,4.242075583072316
0.9616157366022572,0.3765369599094044,1.0,0.4102095672157401,0.7706181754188242,0.14468961734419383,-4.327029243013076
-0.09979136195083918,-0.2961021026788888,0.6148394922600433,-0.8712559255315955,-0.2620378586348685,0.7841332837031454,-1.3584841938921475
-0.36755740500321393,-0.17190368433905184,-1.0,0.17809690487102126,0.594251246027685,0.4790585254235393,2.1008407350509573
0.29957554346586357,-0.36815596391102756,-0.740143669325363,0.3988544769012242,-0.799496820186405,-0.5778382685586372,0.6310923051642716
1.0,0.48692655170282606,0.715830955944756,0.46894707375398736,-0.11119466818264923,-1.0,4.856261528154018
-1.0,-1.0,-0.9038932962150921,-1.0,0.4858179628731474,-0.2597247599613326,-5.0954985744291985
-0.5965966878856592,-0.6426492645204667,-1.0,-1.0,-0.6053684777916841,1.0,4.699146544635331
-0.7579760007282001,1.0,0.10178580583477348,-0.2188196203439348,-1.0,-1.0,-2.633939402050594
0.5004365356994283,1.0,1.0,0.7997170382178009,0.7015436826825313,0.4366732113947335,-6.193856541045645
0.2717504459873339,-1.0,-1.0,0.43595794817886857,-0.17892650275023442,1.0,3.592654633332479
0.19365947192993604,0.5054094686696339,-1.0,0.18303781322879387,1.0,-0.2743065560513152,-1.280000659269806
1.0,0.49026988737632227,0.030455562513101497,-0.5617267247731514,0.604295533317992,1.0,1.7107730544193542
-0.7188611455185425,-0.6098387721038965,-1.0,-0.5394152883438075,0.7322800356126065,0.3261280424337456,-0.8009880294199456
-1.0,-0.2820698651918696,0.09025653541065948,-0.39741304477328576,1.0,0.022015900606542793,2.3335582437928792
1.0,-0.6036048445776849,1.0,0.7168797398737232,0.4504724456062309,-0.34446977296722475,-0.3439534060046021
0.7265611543329564,1.0,0.6554559010705829,1.0,0.48098539981674837,-0.08458760048999131,-2.6102289632257434
0.8945555567965175,0.8352774590799588,0.1263424268951152,0.9454092271710028,0.4162382492724809,-0.7906143948877836,1.3664801151474828
1.0,-0.5200685526449085,-0.2776846086534934,0.12115045643628619,0.9391377039596038,1.0,-0.8408508779178443
1.0,0.14376808572498856,0.9852834944425858,0.2730247159611522,0.3639349976588274,1.0,-4.688254607959355
-0.6169640529024759,-0.7118058396488329,1.0,0.30334641586309563,-0.6332399916943277,0.8357068714893667,-2.704728825712206
0.18997745285288614,-0.3541517444630363,0.37544717597571,-0.13963410336368381,1.0,1.0,1.523936333393382
0.9653719209057943,0.6877056173504718,1.0,0.08444283569633637,-0.7365361451975792,1.0,1.3116669024885792
1.0,1.0,0.9839137212387201,0.11531958364166206,0.5612250578938175,-0.5564355750339495,-2.4874396674323487
-0.05156849539413,-1.0,-0.8879045304999864,-1.0,-0.32712704384548275,1.0,0.5716619021308429
-0.7400237188576022,-1.0,-0.9717094283709831,-0.9336665958930339,0.2975657629767924,0.887043285089774,-2.693271854319088
0.5029087135529755,-0.49803161948412167,-0.2046954248643659,0.1521108841381204,0.42333789785179277,0.8880957278712428,1.758616585246186
-0.38634226819399964,-0.9506944632975549,0.20910850167487643,-0.8108646647143414,0.7399608452442429,-0.16106281614156148,1.558813021440954
1.0,0.43231998577427166,0.014597601640992108,0.14231646322133518,-0.5261904877951795,-0.18492431178937924,1.565613028598385
1.0,1.0,0.6955902114389323,1.0,0.7853758353013865,1.0,-4.785463995106382
0.8638775794041897,1.0,0.6315130628923726,0.9633063606329846,-1.0,0.4873863124773299,3.427481357547796
-0.6266485493877594,-0.7998669993164418,-0.9779851565753043,0.24910514671468675,-0.11555731057615298,0.9432464894670509,3.1827408588931245
0.07304958436931752,-1.0,-0.7803132975329563,-1.0,-0.07395586551830513,-0.4666902972846996,-1.2833265899840989
-0.2286285101169423,-0.22681004279804745,-1.0,-0.5867055112631776,-1.0,-1.0,1.2042513306575668
1.0,0.022307539321873904,0.07839670304038804,0.2767751830142191,-1.0,-0.56503880368791,4.696130291287794
-0.35345951926097996,-0.8132330901827088,-0.6203648086923077,-0.1845106485765302,-0.654032065529406,-1.0,1.9654073657368145
-0.9336865917244404,-0.8023008603422379,-0.18701720270697808,-0.4232968061151253,1.0,-0.34349182677006557,3.4703258564981656
-0.1503983891414874,-0.057367611944095565,-0.6569394343765007,-0.15333584907587006,-0.06121219039786585,-1.0,2.569038299529432
0.6426614063856727,0.09478205742859935,1.0,-0.28314420361837334,0.9766376305497365,0.22674740691203332,-3.096577205870207
-0.9186523560942413,-0.2602416744387904,-0.03797267199313514,0.0014730125169288566,-0.41106783844626954,0.46619027258268636,-1.141462872545543
1.0,1.0,1.0,1.0,0.33544867519087673,0.4138296979209492,-6.162188458729474
-0.3805446693176997,-1.0,-0.8135760371246085,-0.37644132224625126,-0.781462508358598,-0.726349224324291,-0.1601947768949497
-1.0,-1.0,0.1372449235185983,-0.10088852928377756,-0.5375477698708813,-0.21600580474023684,-0.339349727187211
-0.7755103360171213,-1.0,0.5777506191054813,-0.9694920955545474,0.463814953351234,1.0,-2.794847727875937
1.0,-0.3684048778385823,-1.0,0.40151053877697906,-0.14608704061270938,-0.33754678083067,1.1435440143277855
-0.9187480123186795,-1.0,0.24484917360451308,-1.0,1.0,0.15974359985612463,2.762894649330824
-0.12184644137639153,0.6672783722435774,0.5286301790220467,0.19881833382878783,-0.543614419889194,0.4703226703630237,0.5726658077235769
-1.0,0.5534235391756833,0.6655594116451997,1.0,0.3985869786929759,0.25385387685069594,-1.4301122738894725
-1.0,-0.5704848193310044,-0.8988345372558524,0.9993570875356359,1.0,-0.5777061547487866,0.3489844593963283
1.0,0.8256679301578544,1.0,1.0,-1.0,-0.036249747536852395,5.268713166669532
1.0,1.0,1.0,0.21519488190892566,-1.0,-1.0,4.554362443188802
0.2544969762807713,-1.0,-0.159859677943897,-1.0,-0.9361111736241704,-1.0,10.271295015721565
0.44871702641459776,-0.10973457080461717,-1.0,1.0,-0.6039875089584552,-0.21344718441159038,-0.9794501300891814
-0.3626513247323113,-0.7762183528830733,-0.2934651550167884,-1.0,-0.10172302358054966,1.0,0.5536484831288019
-0.1725344028655056,-0.039010032884247536,1.0,0.5010003751079738,-0.8871013836074553,-1.0,-0.532966015163903
-0.19772323551807114,0.07410159996891791,0.2717953020722185,-0.394396190168268,-0.4382012341622632,-1.0,2.029745468601479
-0.48492959559616006,0.8537469547455839,-0.3355873755689087,0.49268052798176243,1.0,1.0,8.420431454515107
-1.0,-1.0,-0.32499451641112675,-1.0,-1.0,-0.5540127135312483,3.4461524896134534
0.04635474500953973,-0.05156284738406436,-0.3820237168033724,0.22441486165056984,-1.0,-1.0,1.6032815766463975
1.0,1.0,1.0,0.3593002625379249,-0.6600731261060163,1.0,0.6842011946756313
0.6284642101244944,0.8214507985506474,0.28277800108567985,-0.6460159550179001,-0.3965743309294693,-0.939802109113352,2.853678169624237
-0.10232384470078174,0.3120806509334389,-1.0,-0.5607740784020516,0.21205263920170525,0.06742183343720853,-0.2992563343466793
0.24947223890298065,0.40892116284829166,-1.0,-0.03739103181534331,0.02929631164245433,0.22400278537881457,0.47207941960192157
-1.0,-0.11807099022637724,-1.0,-0.41262104092286567,0.9111893635329384,0.2786283418852302,-0.7396742885708142
1.0,1.0,0.134002295837083,0.874205666995421,-0.6972926932706794,-0.7651846557818359,7.276067836898894
0.24585679448342324,-0.22885836148217062,-0.383751265134649,-0.9288059201580664,-0.4063788032240532,0.6587186305564658,1.3710379070316043
-0.6297326526876165,0.539577613087632,0.5409301882931195,-0.33788416464280446,-0.7864522175898228,0.4515305975983122,-1.2036893678891953
-0.4310397113219615,-0.5770483973199344,0.38146863283526666,-1.0,0.5521408075090259,1.0,0.9061410846073
0.17826733973371245,1.0,1.0,0.3482065959180556,-1.0,-0.047202016913071354,-2.5969899254244133
0.3909291061332387,0.018091259108971025,0.9637813014750701,0.01771561945490495,-0.6277635629109829,0.29183828338918427,0.16253841494026844
1.0,0.023389817264858337,-0.3623794606248632,-0.7658369072065939,-0.5662624187829091,-1.0,6.356591118892833
-1.0,-1.0,-1.0,-0.7241371523843949,-0.9393716588139699,-0.4065217399710487,-2.0313409548583774
1.0,0.7314769811938164,1.0,0.7256312280491592,-0.03895083818022238,1.0,-2.9635368137909404
0.8441617732275242,-0.6144309545584226,0.6678216285852733,0.28900983520075074,0.6659433177318893,-1.0,1.8928093765636755
0.5432680523364377,1.0,1.0,1.0,-1.0,0.22724421096199798,0.4270029928080852
-0.055065297789880674,-0.9655806068879365,-0.9310958121641986,-1.0,-1.0,-0.5683318109721145,3.3235051196221854
1.0,-0.05116435725102042,0.6458146622856099,0.21249570694762,-0.7409776618810211,-0.6400204507403908,5.722747583227381
-1.0,-0.6313278034332106,-0.0924289293450773,-1.0,-0.7774254790202217,-1.0,3.0257303507299986
-0.3269613639081561,0.4346638602519074,0.6122224145973373,0.3659005675721706,1.0,0.11048377868190395,0.17854454301001643
0.6895862584846242,0.5808882720798414,1.0,1.0,-0.6893935548329929,-1.0,5.599119162531245
-0.03195457377473265,0.5379872591024454,-0.7194516633430124,-0.11041401838189291,0.9768030858095796,-0.06767240857549828,0.44556650670294806
-0.22173400837449142,-0.555877653829221,0.2193514554814066,-0.015401073427467937,-1.0,0.16927242106925278,-0.1623098043869799
0.39404708052070875,-1.0,-1.0,-0.6853004632721099,-0.07460871892343113,1.0,1.0097199743450609
-0.3106642602190015,0.401164062794918,1.0,0.8734302337701261,0.024494319510451557,-0.36955197940104967,-0.7221864992627745
1.0,1.0,0.9944090749126692,1.0,-0.7611335474143694,-1.0,7.682907985997291
0.9155850600634023,1.0,0.3377505951796479,0.7938734340540705,0.4918810061341288,-0.12948037688950154,-1.9167767200933965
-1.0,-0.7372740691335093,-0.7835167283140233,-1.0,1.0,0.6420716625041127,-0.4029381210945041
1.0,-0.5593336527296087,0.5690184411532506,1.0,-0.9152432023044482,-0.576953808205598,6.9601869385367685
1.0,0.3211225707918678,-0.0323963796677087,0.7529550532646958,-1.0,-0.46510141787267023,4.255643670424828
1.0,0.823463635658981,-0.9753282249625475,0.5566856429798406,-0.2928843969793955,1.0,5.904955248300556
0.37166383547301873,0.39400435875808704,-1.0,-0.10773760664474663,-0.462943581772941,-0.8392511850014253,1.21685765152657
-0.9210341730052674,-0.4194909643745671,-0.4469797112873273,-0.9790692052147942,0.6501727678479657,-1.0,6.527172521881098
1.0,1.0,1.0,-0.021139646827088132,0.6805103937516954,-0.22876638810258898,-3.0703471507453624
0.18419697011175662,0.4037978335450053,0.4212981155964246,-1.0,0.8002990744063231,-0.5366590477277892,1.125163448111198
0.3224815218975178,-1.0,0.04044525984196912,0.05765504901756152,-0.07905863157122095,0.28420074930169226,0.41744261889400947
-0.8566053235467956,-1.0,-1.0,-0.752799341461531,-0.8704073972407654,0.9217851928688108,0.5953696849945589
-0.5510864256121205,-0.1190322197051692,0.2868761788988785,-0.4451770717744814,-0.2801934354277953,0.15858772460368864,-0.3063770115694714
0.0035559318628248793,0.4925392536172894,-0.31498330824184984,0.1541648078718243,-0.9308780120717423,0.23186189103086519,0.3617984646715777
1.0,1.0,1.0,0.5943014961059292,1.0,0.9764795925886598,-7.259188043843124
0.7460581076936051,0.3025370310117655,0.17573600898278996,0.7322119467011412,-1.0,-0.5566884802173999,3.290984607033516
-0.24425453527349983,1.0,-0.2550867517871976,0.3425375198521905,0.5180352422830188,0.787569884073775,3.2972890479478196
1.0,1.0,0.1262897953347113,0.5749869707633726,-0.9476522299143407,-0.7842457479149161,6.596425729439993
-0.5342291258679799,0.1120904183083753,-0.18734483099038368,1.0,0.6963795739752643,-0.4707227949909699,1.7044729935671652
0.7262759483102486,0.5275477323468609,0.2972380709497735,0.7224182052931987,-0.5716254279601856,-0.14610810775785443,2.8256581342327847
-0.008200065725541439,1.0,1.0,0.6102821082050456,1.0,0.6415488221838087,-5.094647467777066
0.3879799410934954,0.6334642278406541,0.4125537879910935,0.7781924653476144,1.0,0.6884734277178088,-0.7221643820618517
0.6844686415753711,0.4655047227792666,0.8508126373059584,1.0,1.0,1.0,-2.644160697502829
-1.0,-0.12921375793384926,-1.0,-0.23267998810312784,-1.0,0.26328150589541427,-2.5569881808043196
-0.186957437564077,0.7278262985586441,0.6790988531596707,-0.7444162845599941,-0.5271505118199988,-0.5338399910047014,-1.9378596118055431
-1.0,0.6937859868985778,-1.0,-1.0,-1.0,-1.0,-0.020563330911154032
1.0,1.0,0.7098992560658841,0.7719112376226518,1.0,0.25375245062648255,-6.077024641197687
1.0,0.7466891118570652,1.0,0.7150889107556437,1.0,0.0014209548866214172,-5.689837875588891
0.2747171854043693,0.696645798443438,0.6603153549902768,0.04297772730334437,1.0,0.1817917707083352,-0.5712189538315671
-1.0,-1.0,-0.44696271389733055,-0.4097172879716572,1.0,0.29549806476069423,-0.16189510947210312
0.3622562575523881,-0.30655076855479146,0.5525266124420245,0.8178212141245111,-1.0,-0.05125681392681947,2.003519674531374
0.31847605268092316,-0.2695915907716504,-0.9699490009540797,-0.5344584072712387,-0.07152679758015346,-1.0,2.2243357662714565
-1.0,-1.0,-0.7028423253521514,-1.0,0.83616546117286,-0.5943014622628557,0.30297943655736337
1.0,0.55340473111964,0.3926943563065213,0.5288636609463133,0.7467377331271569,1.0,-0.8600071572902963
1.0,0.27160336624548165,1.0,0.7312417111740619,0.9743592521134055,0.25391317620395826,-5.085482474250059
-0.09546699646629685,-0.2400252228681039,0.39678331326419825,-0.5285125765403396,0.6661194772432738,-0.27216412736936346,0.888200504917411
-0.05780672781987943,0.7637740541816722,-1.0,0.18182174852099048,-0.41336273695756853,-0.22137958903205202,1.0733894299431344
-0.5103258547566574,-0.0802856077258427,-1.0,-0.1304823436359528,0.5540343769201,0.825023167882889,5.418449604578893
-1.0,-0.7969123083530858,0.4121095982813339,-0.8701559707235594,-0.9709725022269524,-1.0,5.033842552618033
-0.3510277749732289,-0.1285249257011728,0.5523889299868852,0.919363248869191,-0.06385786874311083,-0.36470129157924425,0.041205162673910944
-1.0,-1.0,-1.0,-0.6510858578265075,1.0,1.0,1.6429763035304727
1.0,1.0,0.7916857587552535,1.0,-0.4869189718433795,-0.7759911307848115,5.8212456328319995
-0.7138807618097316,-1.0,-0.6194227751061019,0.6719726611757194,0.23838473583847164,-1.0,0.6192150769236995
0.7268448356513519,-0.08614450552427205,-1.0,-0.4031611142524395,1.0,0.0015914248102919526,-3.1460656646969114
-0.08981851396960366,-0.35698918120005896,-0.4473493705120888,1.0,1.0,-0.5815164541691118,1.2875970003727195
0.24592392612987768,-0.5416229691637953,-0.11651804604344712,-1.0,-0.8080469548982714,-0.8200121275828578,5.521168476360032
0.25116702686835335,-1.0,-1.0,-0.7632567888154023,-0.7034789351227941,-1.0,2.8781481966609226
-1.0,1.0,1.0,-0.30989792038186426,-0.09357469310684913,-1.0,-2.042886154639049
1.0,0.1253696503274745,-0.8712686526616191,0.6690270222625186,1.0,-1.0,-5.202061153910934
0.16504801334699337,0.7682556828604453,0.5958911958110262,0.5446398525129551,1.0,0.4116244486722446,0.06029827534559762
0.6418576566049561,-0.2209349246365484,1.0,1.0,-0.8014035759158802,1.0,-0.3192856649295425
0.6352472942972023,0.5065622674409582,-0.013531262176063152,0.7004639248237381,0.7364940134590863,0.6409475037598377,-0.27591387379280713
-0.46662337956214706,-1.0,-0.21634062082823274,-1.0,-0.7304017956280426,0.11003551036323511,1.510964385042903
-0.7185133530275177,-0.4122490827823575,0.9988677459787798,0.127867985396741,-0.00023473304533316863,-0.023251416465754238,-0.7728011279286371
-1.0,0.6430833482248655,0.2510485778061933,-1.0,-0.3290905514387257,-0.3664479486978769,-2.3743780736973434
1.0,0.8148751843952908,-0.04284185153625669,-0.07150876033659903,-1.0,-0.92334799119662,5.136023599917881
-0.2710777895131221,0.3097227550249241,-1.0,0.15817719620740883,-0.5736337045394035,-0.5139518747020773,0.0968068913592518
0.8390421596066217,-1.0,0.9351681463731387,-0.6568756539094571,-1.0,0.040509739453525165,9.976956581524496
1.0,-0.20081431415244438,0.4348249689282799,-0.18133844277590305,0.7879858314416224,0.6901503244562052,-1.7016907046359582
0.04676090441869485,1.0,-0.6257462317342324,0.3544935655143502,-0.4674196991735453,-1.0,3.6901241958174253
0.01066593435043367,-0.297101475182196,-0.5900476991560395,0.031883975584420465,0.24515205445100097,-0.4683260911771573,0.04627986029448003
-0.5245190451164343,-1.0,-1.0,-0.14177586687064347,-0.9497900071548352,-1.0,0.19390128637694676
-1.0,-0.846919296487278,1.0,0.30878470419820014,0.25555605528303776,-0.5323551941262353,3.7457555235655065
1.0,1.0,1.0,1.0,0.0021544066064216327,1.0,-5.624703449455525
0.11513570494242986,0.84872668271218,0.615309203510761,-1.0,0.594305266486085,0.15391581718978609,-0.9098889991900618
-0.34454765951939925,-0.5725684861945708,0.38027961308562086,-0.009870772154375151,-0.026863502140139994,-0.000495891388674119,0.1449433193541446
-0.8536390998266357,0.053895184408855996,-0.2793245082150333,-0.1176738814781636,-0.24354406717592575,1.0,2.675770283667755
-1.0,-0.38091838831293534,-0.1556172220982459,-0.8745850135866056,-1.0,-0.41727683193885645,0.6622540354714805
-0.014550419629383804,-1.0,-0.39407590620389965,-1.0,-0.9343425526434357,0.7585210480627538,3.807569871993397
-0.2906999198589847,-0.5123912182987735,-1.0,-1.0,-0.32316450261425045,0.7028724689825694,0.9481957563401535
0.8150470426012436,0.7763539232767912,0.8761531373630217,-0.9519501930305337,-0.38922213418950813,1.0,2.612282549463975
1.0,-0.3056176283341305,-1.0,-1.0,0.03717425375454397,0.06649869593137508,-0.8368012243706751
1.0,1.0,0.5858930961995192,1.0,-0.12013217013427313,0.2479249153823366,-0.6440007145397536
-1.0,-0.11125382129959749,-1.0,-0.8357618448510329,-1.0,0.1424322024912823,-3.57798938319124
-0.676052467062099,-0.10384101409445219,1.0,-0.17979405158648137,1.0,-1.0,3.058924793230764
-1.0,0.4477287885499411,-1.0,-0.7536021490478431,0.08558304026866648,-1.0,5.586765581236498
0.1516838293740203,0.47689659699344245,1.0,-0.4519348393844076,-1.0,-0.02827331384767151,-0.4584723779320867
0.3458280825771342,0.6607116525796732,0.6898894987709858,0.5883040259026255,0.7696483349159354,-0.31762506113133027,-0.798878661700039
0.9989410583398384,0.9429666430320914,-0.6405622867297596,1.0,-0.33147887668420983,-0.7029919435813962,6.091274061951016
-1.0,-0.46300875608043446,-1.0,-0.33833852594154057,0.08824971723464997,-0.006153973443716931,-1.5819242790384211
-0.05633046431216997,0.1912216296743315,0.23442700391667143,0.8025347788122899,0.25348735884133666,0.394823919926933,0.5581759468549758
-0.6421775539548011,-1.0,-1.0,0.5139701485184407,1.0,0.8200034043644953,2.1341619125608364
-1.0,-0.7188580024627416,-0.6164399785478656,-1.0,0.9512649495397394,0.1709385689318796,-0.7219748795291485
-0.4384048967190052,-0.6606689963323966,0.2529702673369041,-1.0,1.0,0.677996712159,1.9096574321761166
0.3326776526902755,-0.06893381576024982,1.0,1.0,-0.23952698696804253,-0.5917507628579692,-0.5893103770618682
-0.5692426388259402,-0.29104110356567425,-0.1322086191578617,-0.3801898327446805,1.0,-0.7009200177489989,3.268293770618428
-1.0,-0.5815652650830582,-1.0,0.01363380934517211,-1.0,-1.0,1.5912951758284966
1.0,0.02271146784237299,1.0,1.0,-0.6086380849773793,0.005134407807412977,1.7474687030384035
-0.11768923724996871,-0.5045595344882478,-0.8103590032808827,0.06054858349306036,0.4218534995716194,-0.439674877905436,-0.4626460486324712
0.6998003922752283,-0.3737689564533791,-1.0,1.0,0.09310165132869724,0.7554016678345612,1.6012195482850065
0.2735306099504589,0.1895919965712637,-0.8469913078951298,-0.29642122882685684,-1.0,-0.9536140665004587,0.4016681762906904
-0.81098814960273,-0.07926596804619698,-0.7034559396439177,-1.0,-1.0,-1.0,0.49592511876333717
1.0,-1.0,-0.5023366016280897,-0.1839327356110465,1.0,1.0,-2.9969582091844136
0.1960571649853673,1.0,0.8214961014162345,1.0,0.21500159885144654,-0.5171349629567845,-2.4833979859518553
0.22170202497238423,1.0,1.0,0.7740938214173125,1.0,0.2769466980213997,-6.552186800366778
-0.05809880997406747,-0.7710416452733819,1.0,0.3307050064051525,-0.1862485635774087,-1.0,4.007718309715198
0.3080221452065416,1.0,-0.3582826825851186,1.0,-0.912462837927897,-0.6664341410540677,5.689595173898172
0.9877086853387417,0.2567008897520295,1.0,0.44520988309464526,-1.0,-0.507594274797226,5.981799782169336
0.176610200683155,-0.1578398818771951,-0.33672621035496864,-0.28962969951227213,-0.8226451892733315,-0.2858914194660036,-0.3591550877412597
-0.2328922332106404,-0.0920088275027921,-0.16144879675664503,0.521364026624177,-0.9974025113572005,-0.9753524492710427,1.7587702113810004
0.2905812203706022,0.18464771407782554,1.0,-0.06485117226619963,-1.0,-1.0,1.7946863022718247
0.8255276354650096,0.8103659070966087,1.0,1.0,0.023258251964858312,0.29017554978859295,-2.6114769026471794
-1.0,-0.1465778871895156,0.2783504499368917,-1.0,-1.0,1.0,0.007827948321251693
-0.14286906328153248,-0.3500142521003087,-0.5192968591693845,-0.09390614965138266,-1.0,-0.8343704835291891,0.6363278014581533
0.5277898669678174,0.475426805198117,0.25007680618034,1.0,1.0,1.0,2.412657602490238
-0.037042587348760994,-1.0,0.12933474653350996,-1.0,0.006541107102485344,-0.39787737385309113,1.9803447163096821
-1.0,-1.0,-1.0,0.09326865458507916,0.3328609604124832,1.0,3.138646555152857
0.19018557832340544,-1.0,-0.6562589746794963,-1.0,0.384041871677241,-0.8691150175536893,1.5566312851846913
-0.5622147217507656,-0.10564722144477612,-0.9751139473614638,-0.07198499920926937,1.0,0.9889851753638439,7.416362285440949
-0.5700144325679056,-1.0,-0.10011116380888702,-0.2835212245829325,-0.9581712746177835,-0.8403922272488695,2.0223805061624067
-0.9897046352578586,0.07048722554879305,0.9582551848533123,1.0,-0.08874698715108864,-1.0,1.126841476537058
-0.5750342259278045,1.0,-0.1457759964782515,-0.8028771968650947,-0.1404801128067577,-0.21228410452641333,0.037859208438345116
1.0,0.13231229779670994,0.2532962464284836,1.0,1.0,0.8331801871916759,-1.0149945778386225
-0.4425337002533337,-0.9161221192423727,0.1475583273574701,-0.25902848832494935,-0.030995188998404588,-1.0,5.319920255615256
-0.14206850831386056,1.0,0.06754588739304956,-0.5275692138421677,1.0,1.0,7.092789578552489
-0.4506466647003252,-0.9231529305792977,0.4927907686707005,0.9647969942420931,-0.21709222937407846,-0.6938330619465283,1.0994009733043368
-1.0,-0.36753541049119054,-1.0,-1.0,-1.0,-1.0,3.798577663452856
-0.0188519665945579,0.5948085150179924,0.23877931788438556,1.0,0.36257670852596646,0.1493792342677146,-0.11054138933212043
-0.42161374372008287,-0.6417435679333579,-1.0,-0.2482165896497175,1.0,-0.08477203249918808,-1.7161983927576256
-1.0,-1.0,-1.0,-1.0,-1.0,-1.0,5.568709119382176
-0.3695444781643882,-0.7734792649273876,-0.8443478451114161,1.0,1.0,0.5808333042063165,-0.5955473400870983
1.0,0.8981310237806472,0.7543204408256425,0.20431235750184995,-0.3776024612645074,-0.7502644461465927,2.236467904917416
0.39072538625641196,-0.721215094789132,0.04843423375442729,-0.5868067778719789,1.0,1.0,0.5611363109355486
-0.08750880765702229,-1.0,-0.4019389996262541,0.4415440311287025,0.2514524920444108,-0.9001559823473505,1.6306478939900773
-1.0,-1.0,-1.0,-1.0,-0.42027062331733755,-0.7288083482162486,-0.8596645146644624
-0.3684215286137269,-0.5649612424870822,1.0,-0.5735838850590556,-1.0,-1.0,0.2611821804522556
0.21282250302886774,-1.0,-0.06443367066405536,0.6886498267936974,1.0,0.35353564564322437,-1.0595755717540163
-1.0,-0.351520255151055,-1.0,-1.0,-1.0,-1.0,3.50642281269878
-1.0,-0.20971676194100902,-1.0,-0.061856292718784456,-0.2889048480755154,-0.6631252409053636,0.7481972485142732
0.5188225004838711,-0.09737880882502625,0.29661417683953517,-0.3257784315596802,-0.4251531395671464,-0.5708961150513027,2.482005745063624
-1.0,-1.0,-0.1667017818527463,-1.0,-1.0,-0.7360720813660535,5.358009591282682
-1.0,0.11567746923794503,0.7283480462041872,-1.0,0.9730531883349078,1.0,2.1489666494641684
-0.694990637236856,-1.0,-0.643773781872345,-1.0,-0.6124403467396181,-0.5223106149932861,0.3180377363571025
-1.0,-0.8020990160373664,-0.30454145585232517,-0.014210787606751651,1.0,-1.0,6.117992130972323
0.6177650572323438,-0.18343717255130043,0.2801189527575769,0.9281154399818644,-0.8307093484244678,-1.0,6.185236112166279
0.5417800186469122,-1.0,-0.47955655790226215,0.6166021973439535,-0.14756020008040616,-1.0,2.2015739857269265
-1.0,0.6938154090606709,-0.6100807455821833,0.7995357208981417,0.9601342234769479,1.0,9.108528579665148
-1.0,-1.0,1.0,0.16787512490856482,-0.152583766692012,-0.30513358994883266,2.7538222845143747
0.5340960504790482,1.0,1.0,0.557591297363599,-0.33407844332139336,-0.27246336357060974,-1.5788936697198726
-0.19134661040717083,0.6889090020449262,-0.0038610691362824245,0.2872119025092539,0.5551484839783827,-1.0,3.0164979245965426
-1.0,-1.0,-0.8674080298327944,0.03544086941559743,0.4542183649922099,-0.969324678138684,3.9251721951262377
-0.007541539850571932,1.0,-0.1665746409095269,1.0,-0.8160694532750801,-0.4468249486699954,2.533472425350418
0.0971654106799289,1.0,0.4692667136102002,0.47057050077903184,-1.0,-0.48462659561523,0.6476913722938019
-0.515544354511681,-1.0,0.09109241648237498,-1.0,-0.2832888191816467,-0.8733728744725687,4.57944458076815
-1.0,0.38956616188629734,0.1904832352435375,0.4606474365412218,-0.20598087857073644,-0.6192283900840998,1.052134814396801
-0.18330363424763274,0.12612102361329908,1.0,0.03959377378073914,0.5342145465777467,0.5929648768155169,-1.3254601069130119
-0.2587590168614031,-0.4766114674508746,0.1114407705586938,1.0,1.0,0.202896543872731,0.3139614377710517
0.6086426786197009,-0.7045481516653944,1.0,-0.03538670534274363,-0.1032753506706284,-0.7034838677946152,3.297760796876527
0.18455990992660498,1.0,-0.06843224003728865,-0.2169838543599132,-1.0,-0.22695279360544907,1.2999902392000007
-1.0,-1.0,-0.5595296322306336,-0.8004758062761511,0.3979324333790009,-0.521842458150195,-0.597666402474853
-0.8043192750659769,-0.28044460921936604,-0.014259504338526074,-0.3610323352004765,-0.09299651222760683,-0.31268901135796834,-0.3839076624179516
-0.47083378002302556,-1.0,-1.0,-0.7759171188882259,-1.0,-1.0,4.053476680293876
-0.16278169193490444,-0.3274703097452089,-1.0,-0.46856093930875337,0.14727123968822753,-0.8676457450471021,2.0829746865745893
0.1459289252049324,0.7953234830826061,0.38874242517113755,0.5251110232860455,-0.20472160553118923,0.3121193711973698,0.07185950998010443
-1.0,1.0,0.46167769127531977,0.331785525820792,1.0,0.14169769755355677,0.6240357179544807
-0.40378867067499125,-1.0,-0.34542941307276276,-0.12733578655248756,-1.0,-0.2930861505645631,-0.9179922569234347
1.0,0.48784595795241137,1.0,-0.5964836461896149,-1.0,1.0,5.051428661432883
0.7423027082738249,-0.4143223997182066,1.0,1.0,0.7467584805326408,0.4425129223903385,-4.376892258234297
-1.0,1.0,0.7470730689753013,-0.7944968958256095,-0.0513180027301916,-0.0043232376782076365,-4.140308851374906
-0.8183694399658662,-0.38918089682159474,-0.7086707682646856,-0.3500720595601303,-0.8585870096498273,-0.9687114020563121,0.8723118137045274
0.7740605772642779,-0.22393119336056067,0.23755193016253506,1.0,1.0,-0.786535273278644,-0.8037093088787461
-1.0,-1.0,-1.0,-0.0002399039069318487,-0.4401681313845298,-0.6787621143144031,-2.4253588372575896
1.0,0.36167988409494817,1.0,1.0,0.23259455446875588,0.939447881335485,-4.863768291748697
0.05167694544443767,-0.19076777421704716,0.23912879438550738,0.8578807421999222,-0.27457544959128355,-0.48707075796079735,-0.4117164692534875
0.5020649126585227,-0.4087459367804851,0.3415823506536206,0.16300023152530663,-0.828601687406898,-0.6228891276069506,3.7770657744434417
1.0,0.8303907802498485,0.9703788826535065,-0.4229526149600971,0.07809101713607158,1.0,-1.130862480731501
0.07429081914648084,1.0,1.0,1.0,0.30178186586123357,-0.257554207391931,-3.7885107403871428
-0.14836452502941733,-0.9346230324941023,-1.0,-0.9701934219586543,1.0,0.15570918555758884,-4.462923201679062
1.0,-0.0626169774510683,1.0,1.0,-1.0,-1.0,7.311854695783318
0.08173710704955495,-1.0,-0.19590354325861514,-0.8696278617240096,-0.13021208760131625,1.0,1.0658151564350016
-0.7568389817912038,0.7273601828185035,-0.26547031631303786,-1.0,-0.7809858298183411,-1.0,-1.1592878856319826
0.10258005113688362,-0.09393510770896707,0.3305712127978143,1.0,1.0,-0.046920877255350324,0.5483350320971273
0.14673130214140417,1.0,0.23577555028287894,0.042505602099375484,-0.17749722706612237,-1.0,0.6876907767656945
-0.06359425942222124,-0.025568492573527002,-0.2420863719042443,-0.2231720030302824,-0.790799803915688,0.5759840625273658,0.5368526083009997
-0.5265307603759297,-0.42482677389436374,-1.0,-1.0,-1.0,-0.6598561256842939,1.4958730361835424
-0.9141893776578864,-0.5037507938890246,0.25831057003580776,0.09340559007338878,-1.0,-0.570601451413371,-0.45626387680711566
0.7143912996259794,0.8549290069319758,-0.13035926172901807,-0.7860021274863984,-0.3869164472059081,0.40340244218889154,3.5617156932518075
0.22039775051442612,-0.581743732294075,-0.6299926954682926,-0.8520072839712989,1.0,-0.36989221938721584,-0.1660934973580405
-1.0,0.45015009319910576,-0.6467982260709215,0.05915626201348764,1.0,0.10198548337390345,1.8796428555820353
0.21936554965005045,0.16642465873671597,1.0,0.46374764776142885,0.5720437344690823,-0.4313859746074285,-0.1737554886483041
-1.0,-0.1838247342426682,-0.5600911968875839,-0.948481208483523,-0.2738132140744541,-0.19625924749098317,-0.8933680533395385
0.8264902849171412,1.0,0.9825375662398398,1.0,0.9635244669478026,-1.0,-6.708145829455253
0.6660581266985017,0.8263297871576016,1.0,1.0,1.0,1.0,-7.153912722769862
0.4319960033406236,1.0,0.993329966019721,-0.10161423365961841,-0.07253858579178041,-0.6669635428502402,-2.090842253031596
1.0,-0.8500268759877398,0.21393365158789512,0.7245752671422583,-0.7431296207671512,-0.26308049876251816,4.7798931415624315
0.0919821839326897,-0.020388542777640795,-0.919625570234942,0.16848835182136038,-0.27914867124698,0.25367502141606757,1.2306931126718381
-0.35712855834975166,-0.7239699031992664,-0.4653043813266762,-0.2572493757673494,-1.0,-1.0,1.069262086722321
-0.9901629285644605,0.44465873573193326,-0.26206829605991333,0.6629324202974105,-0.6336269994199436,0.2568103789938987,-1.1794489930376109
0.3149328777025081,-0.08519629217403313,0.941923729361933,0.9532523262168309,-0.6054680791738252,1.0,-1.0838222281853214
-0.02354120676079443,-0.2169730257511624,-0.5498329970864144,-0.7549065451480972,-0.5593096331592327,-0.9330549876979825,1.7267120411340244
-0.7141872501483854,0.31419605164811387,-1.0,0.09803118123397925,0.2751670915101867,0.6665825524573428,4.338057933786941
-0.648541127497144,-0.3886374399518686,-0.8981712927109572,-1.0,0.20273262663953995,-1.0,4.467628027021217
-0.037479449766531225,0.852253483998223,-1.0,0.03825244352910621,1.0,-0.2917400280113036,1.443770502054358
-0.5393146117309067,-0.1067419225942079,-0.16571838125010263,-1.0,0.7519925431881213,0.10427915657913078,2.8332577442382556
-1.0,-0.6124907010678593,-0.954596170790077,-1.0,-1.0,-0.7766790287733114,2.2910525746590524
1.0,-0.2718551400632536,0.9147700060354526,-0.1319851164668874,-0.17763390042940208,-0.45279812274186515,3.003255647886926
-0.060772067462264934,-0.6129642310803551,-0.03581144256521285,-0.00018638896249068004,-1.0,-0.20891334877454737,0.109315552801165
0.7263657602956684,-0.26488260284654064,0.4498490439056818,1.0,-1.0,-1.0,7.005450731496971
-0.42167417368311244,-0.7119392021728461,-0.1905010578487013,-1.0,0.37307914782213436,0.6932344472351808,-0.6900478164383878
0.016340935904485265,0.23133957103279545,1.0,0.7772182216491266,0.49117081807581686,-0.7803735267829955,-0.3235043581979339
1.0,1.0,0.6240424446099735,1.0,-1.0,-0.9260411878440642,9.251552422136509
0.1225646050762178,1.0,1.0,0.8689763505208665,-0.16941744224226185,0.8010882431089961,-4.370720119043717
0.021049339712065684,-0.08165088590453534,0.3057408738923956,0.12494036490391613,0.9697912799451538,1.0,3.001092568929088
-0.7565041632227859,0.196711343086175,0.24101680322440766,0.09034474513728796,-0.5987252896668659,0.28801143354673625,-2.785572582111639
1.0,1.0,1.0,1.0,0.19300522252812385,-1.0,0.24183214809132478
-0.08740931412747366,-0.6296667929643616,-0.9019624634872336,-1.0,0.1456479302779088,1.0,2.687523960674134
-0.001292884254080251,1.0,0.6873502610326465,0.35474999968394016,0.9042648803516379,1.0,0.9118511646164645
0.3335779367740262,1.0,0.2716036937636557,0.9991024667895264,0.016619672533376595,1.0,0.992639194054814
-1.0,-1.0,-0.6265561018123651,-0.9536874581701662,-0.10608355633277489,-0.1775220351587527,-3.6427805249291265
0.8216512458958338,-0.059994369232825195,-0.5634421033212268,0.37147368060232594,1.0,1.0,0.3066396790637862
1.0,1.0,0.9696850173470282,0.5095682300028774,-1.0,-0.30859291493040564,2.6347360881183657
-0.7693683970361775,-0.14190129899394216,-0.4438794290311562,-0.8302998526015561,-1.0,0.9201015107303954,1.1200342334715099
1.0,1.0,-0.012502131117640647,-0.4432692941563528,1.0,0.8353471354397601,2.287949190108341
-0.5499111926881359,0.42142923454025966,0.1545452052019035,1.0,-1.0,0.2737540543176805,-0.7551498670461134
0.491856270013665,-0.7964638650834448,-0.4141118887520211,-0.4339736002934611,-0.4254605701164723,0.2704387636770931,-0.07823313502635909
0.8289457964706469,0.549954739408925,-1.0,0.9998905120190279,0.08255070714960833,-0.2493030047307896,-0.6708713002754577
1.0,1.0,0.7614407447196525,0.9611760864392251,0.4567208104143364,-1.0,0.01961289856821624
1.0,0.6250315081805524,1.0,0.84173867977715,1.0,0.4440834086955615,-6.539845094295164
-0.23220163713777603,0.2945492291941847,0.8542363812535031,0.9145266233768669,1.0,0.8846371452254148,-0.04473874940264755
-0.016401753156177146,0.721564450469507,1.0,0.4308627482069062,-0.6943306288192475,-0.21153611189349197,-1.5025012582634951
-0.6870111632688997,-0.12077374945966912,0.8589857339390821,-0.44989527159125925,1.0,0.5655214082849163,-0.7572453354537059
-1.0,-1.0,-0.626312912830632,-1.0,-1.0,-0.3552329700722652,1.7224521392817382
0.26248753938480013,-0.17664046949102197,-1.0,-0.23643413956048737,0.20498583829510264,0.3072058142403134,0.1270723757006949
-1.0,-0.41695832523332865,0.003587525500325246,-1.0,1.0,0.9724254526187157,4.783192917201689
-1.0,-0.26409105354888807,-0.052921757775517664,-0.6836854181480025,-1.0,0.5044655120944265,-2.1861957546639403
0.21655806108056694,0.07343103029313108,1.0,-0.050536093251391745,-0.2570140674563439,-0.9773016592388377,2.5252092960526187
0.2506071841076251,1.0,-0.25163185527242904,-0.21309347611255935,-1.0,-0.46768703818942114,1.6405857216672108
-0.6801546810193417,0.17357646474054855,-0.3848568717843568,-0.5177996597652949,-0.8256305140687301,0.29383155460586813,-1.9624697987353696
-0.48618791986528787,0.5764051705123112,1.0,0.30204401343905674,0.7047535616727292,0.01382706555549032,-0.7047214588944207
-0.049950587929975754,-0.6909965056020315,-1.0,-0.7822885211501482,-0.2633665541205157,-0.9802572764874198,2.5623381330323074
-0.21085897207712645,0.28910595705568265,-0.4455110996474897,0.5054809826916616,1.0,-0.3679266431628645,0.6464687934987152
0.2028291220271864,-0.04829680471120462,-0.5277880466062144,0.4521949231772783,-0.5574115338374013,0.5754848950484106,1.3853181629587894
-0.11702846562343971,-0.4257797708053792,-0.2170750498547651,-0.1525675754555571,0.39284143459956744,-0.7249112502227328,1.7443693190032645
-0.23734538784718984,-0.2813747131696356,-0.9550619866890915,-0.5594064541064454,-0.18540252397127327,1.0,5.865525889935425
-0.4499285217071832,-0.7752844680182316,0.6054381973204592,-0.11418468868290813,-0.2405465249225648,-0.5363668167051885,1.900419619444381
-0.017464858770154065,-0.8140983197861582,-0.7761283055769332,-0.6299773812920536,-1.0,-0.4482977642039534,1.4845852862954196
0.9117457151030592,0.6294394092625158,-0.9985537200260882,-1.0,0.6519141220424021,-0.4465924381767938,-3.004957807752444
-0.2693189863173744,0.5317659480542141,-0.9067704385303472,0.7835172594946973,-0.14990483140926625,0.23627536518240214,0.5281066352481995
1.0,1.0,-0.7524002288944014,0.3072168259928676,0.1887324539957002,-0.5519505438326887,1.1336594871221248
-1.0,-1.0,-0.4633954780799716,-1.0,-0.42555368039435093,-1.0,4.031257267389355
-0.6117499996150179,-0.7032582326707555,-0.20847271930630526,-0.23242090362431045,-0.7163352946936551,-0.38721640129707113,-0.7256342451018606
0.8920493764792863,0.021791999632403455,-0.5696347434135552,0.3646326506100732,-0.0017209772909101417,-1.0,2.109349505741323
-0.13349786872942113,-0.5055427542480634,1.0,0.37675422493025423,-0.8204876833299752,0.4471940376231945,-1.2832065750867097
0.7962607116247269,1.0,0.9773371969715606,0.5165589701577461,0.1886303473932774,0.04211300837111631,-2.8760566296163486
0.3688995248809388,0.15720115976920512,1.0,1.0,0.8462682564838606,-0.17307264260263644,-2.505908855984683
-1.0,-1.0,-1.0,-1.0,1.0,1.0,-2.2478314548467084
1.0,1.0,1.0,0.5205724623555028,0.506382680663964,0.5001337847216702,-5.156217249913876
1.0,-0.8086193868097062,1.0,-0.23933425931079189,-0.06204903197297593,1.0,-1.9417454442497293
-0.7501210726959066,-0.539358299913064,-0.2768667329184913,-1.0,-0.7594653866052095,-1.0,2.7852556147775966
-0.21173316659663044,0.3705863955610381,-0.48417019608653866,-1.0,0.40632653816187947,1.0,5.955997890026028
-0.668260093830463,-1.0,-0.4951201884227029,0.22688131129426514,-1.0,-1.0,-0.33723013633208543
-0.22290897811824673,-1.0,-0.17790046498401524,-0.8166678391047848,-0.3124375139183574,1.0,0.5225683403965229
0.8038778358871805,1.0,0.41680912093668876,1.0,-0.3879214502756119,-0.1586558744521839,1.6383474638844042
1.0,0.3056172331215447,-0.02412468621595304,1.0,-1.0,-1.0,8.406209014325444
-0.4913375724930189,1.0,-0.9366444587600229,1.0,-1.0,-1.0,7.404088641609665
-0.37483848016430377,-0.31304352786767514,0.2740018885495914,-0.8473433422979634,1.0,1.0,3.109770700773971
1.0,0.6280660729253424,0.98867500843838,0.20804614218095596,1.0,-0.3793583258537457,-4.080642177620297
0.3521735776160857,0.30778716891683244,0.6628266988586535,-0.1600668268561333,-0.5449360174850071,0.2813106116492257,-0.13243019502575748
0.8363127221123319,0.4859253599571074,0.30894718977932345,1.0,1.0,0.3057617645808426,-2.78732805175575
0.1361866178090304,-0.1871504424688368,-1.0,-0.5520219738086531,0.5959145797326733,1.0,5.417882772801423
1.0,-0.37661586492972654,0.31796304684763876,-0.03115934485309718,-1.0,0.48534377574954196,3.1948238232241644
-1.0,-1.0,-0.10700462028951518,-0.8881139315272326,1.0,-0.627470852098541,5.582108139561753
-0.6698916216517545,1.0,0.9111119858864829,-0.13867020333492885,0.33215077891607625,-0.699474712350969,-1.1287389411803732
1.0,-0.6040136923268024,0.9347950900274895,1.0,-0.2613469918483815,-1.0,5.369877612432722
-1.0,-1.0,-1.0,-1.0,0.37995248151007255,-0.6335188863087134,-2.3645774582326964
0.009309719099359737,-0.18680292081449978,-0.47686041339125007,1.0,-0.403759499206261,-1.0,3.1023260927173664
-0.6181795783657296,1.0,-0.4935091640396395,1.0,-0.6880287823875529,-0.7261663337552453,2.7552448762272883
-1.0,0.1268952377546244,-0.24427927426298268,-0.525149030295005,0.4383633379814964,0.3736298899563788,1.0651174116516402
-0.4958347232917941,-0.8912728778422784,-0.764068376994696,-1.0,-0.4381293345762133,-0.6589871721976368,0.2553779538526542
1.0,1.0,0.5446987832958321,1.0,-1.0,-1.0,11.469064115862846
0.5760062686451145,-1.0,-0.5041177500452676,-0.14162961700787352,0.04150029083214063,1.0,1.2485480640717685
0.16019522750108084,-0.1295862906617986,-0.7464572885940433,-0.7681069615966216,0.3614224741828341,1.0,4.027713442809436
-1.0,0.37873844551082947,-0.256644286425265,-0.08411572543948842,-0.6842095547801101,-1.0,-0.6193036568443286
-0.07643698247940023,0.036086110887150635,-0.7128703520768473,-1.0,0.613621049024749,1.0,3.9087963585183148
0.7656402740399787,-0.12787883999556204,0.08395605679991044,0.2570368526218991,-0.3392151107645822,-0.19608901758759867,1.603479511384322
0.7950466087872283,1.0,-0.23680649840387114,1.0,0.5529314081599515,0.06559076089654514,-0.5331793484880867
1.0,1.0,1.0,0.8968034393092968,1.0,-0.8495494928634664,-6.326579673420739
0.49536841139412524,0.5746252810539374,0.9777481315180787,0.7203256367848136,-0.8566404975080162,0.42195462044208065,0.8423593649669074
-1.0,-0.6632096543774404,0.9664543316055735,-1.0,-0.73728368282926,-0.6166416196296753,1.4806912611099676
0.6228082191647983,0.1414042019104585,-0.18264312546375933,1.0,-0.40182200348800523,-0.14171660306902645,1.1263782968371472
-0.516777542775514,1.0,0.5794626079876389,-0.3675390771695345,0.9024307009169021,-0.10250727679911459,1.2511550398769096
-1.0,-0.479536009362809,0.009862860783752883,0.49830965111736836,-0.6242910789286216,-0.36645741545554444,-0.7895359585551796
0.0718461571362552,0.6221055008233991,1.0,0.39368791221891164,0.3123294031893594,-0.8260257618280812,0.23920441969100184
-1.0,-0.15202159450031985,-0.6151354466863427,1.0,-0.7471001411642935,-0.9730514541817448,-0.4694821511930143
0.9210763452706132,0.6379773309646828,-0.5310479717475718,0.8644356207403937,-0.4670651938284438,-1.0,5.985446061786927
-0.4977730678299036,0.42226136673414905,-0.8508830597476235,1.0,-0.9079579609942285,-0.10895952439053724,-1.5605198125537498
-0.6693677157768056,1.0,0.536259237646289,-0.4898857860225976,-0.07732132340768044,-0.06791708222386772,-2.9299080614602637
0.40590611188716724,0.24590080509526813,-1.0,0.3130172102656984,1.0,-0.5895683551384581,-2.420708347619229
-0.7721881959114649,-1.0,-0.7702302401551747,-0.2637901036924213,-1.0,-0.3198462101723066,-2.1094576255726487
0.4861862729803802,0.13775581013190685,1.0,0.3377626900980478,-0.4717062366929168,-0.6921775111837141,1.2358873681284646
-0.7680816054455466,0.6620035293764335,-1.0,-0.40829057898320026,0.13329880548997775,1.0,10.101331297161394
0.2018353599468769,0.1994610454836599,-0.7639606125087983,-0.7886396655992439,1.0,0.9225022978433388,5.665323052377685
0.7628963115868425,0.29687763153235125,-1.0,-1.0,-0.7319107187651661,-0.4903071612107639,1.7499376039139722
-1.0,-0.20810131103972587,-1.0,-0.24782219495670602,-0.6848309072597427,-1.0,3.6912085840064006
0.08406730827320452,-0.5110249783721655,0.2477944677346079,-0.0189685253026467,-1.0,-0.43672029950359725,1.1331973712547474
-0.8089067596171465,-1.0,-0.7620893463373426,-1.0,0.8273981847750571,0.029903862541087234,-4.389538917781731
-1.0,-0.25714564793739614,-0.5777973189080984,-1.0,0.5897273046305023,-0.9521237424294683,5.771001630251572
-0.594651064202451,0.9738396994489164,0.11883344987577615,-0.18699552904384892,-0.9465693256913347,-0.668527038780122,-2.8099400728973194
-0.5898619454959837,0.3549745408250234,0.11320829666728009,1.0,0.15722183337998574,1.0,1.543654550992211
1.0,0.7744400741225856,0.653583242480926,1.0,-1.0,-1.0,10.260317209996517
1.0,1.0,1.0,1.0,1.0,0.5920747269972668,-9.498458377949298
-1.0,-1.0,-0.4588871406814131,0.10095873361009344,-0.7566549860559706,-0.17030423583972998,-3.1178280942026624
-0.15538036931716448,-0.16785442611515045,-1.0,-0.30163730027572644,-0.21579195405840595,-0.3055590576629729,0.11310576075458845
1.0,1.0,1.0,1.0,0.4383273268804362,1.0,-9.185501917342592
1.0,0.30475374686676227,0.23366314931733756,0.3866633075491002,-0.017013724114572276,-1.0,4.366037210661564
-1.0,-1.0,-0.6116279277523777,0.030908842982589446,-0.3595747575601964,-0.47048523981067936,-1.3140520941086968
-1.0,-0.3667673897235867,-1.0,-1.0,-0.5481452767717675,-0.20658412096681203,-2.054618241511699
0.7894244734201741,1.0,1.0,0.4047134280021629,0.4565064538097831,0.6822728663911046,-5.136863955940001
-0.07766692790333962,-0.07132409007588181,0.44722671526431756,0.0889284548175473,-0.5086916576878148,0.727735520164577,0.3252173926305536
-1.0,-0.2121879542536994,-1.0,-1.0,0.5572880261917772,1.0,5.40569834619728
-0.29509810354331506,1.0,1.0,1.0,-1.0,0.4965093697150931,-3.5152068184224383
0.9542332275562936,0.7228353824010343,0.337804206120111,0.17733013920386903,-1.0,-0.41454689167385866,3.280426103104802
-1.0,-1.0,-1.0,-1.0,1.0,-0.9109993698230467,0.5768811924672441
0.35287733011865663,-0.754018789629266,1.0,-0.4831909596320054,-1.0,-0.9360864986890578,6.237577780606043
-1.0,-0.15276047455824737,-0.2844527857300212,-1.0,0.2137358914675267,0.3812878586715021,0.6048262353747809
0.35530644372432946,1.0,-0.35222703938959893,-0.16007973891391825,-0.8142100717317768,0.8129436591771488,5.287285897828604
0.6952648880572343,-0.20120905379423637,0.9341348133413202,-0.2843806688239616,-0.36775423524023587,0.7280737828053923,-0.7525334325520654
0.5676401881900192,0.13066784096239353,0.2829918431215065,0.10830602665020805,-0.6696924051112177,-0.4899310556040415,1.6787046642563315
-0.33159703380319705,0.29070184962308593,-1.0,-0.1408200987164785,0.6597037842228567,0.15478337850323837,0.29652034074196865
-0.40030121921445705,-1.0,-0.5956798648031458,0.896736739643303,0.33379895347718586,0.42107897239348924,-1.7812392285721763
-0.9413667661396375,0.4443922312217732,0.032305768287194225,1.0,0.22305625584625421,0.13984856306467608,0.09748327819956804
0.4512925578550214,-0.9474637183180501,-0.5037983261060502,-0.9731665529694453,1.0,0.07885425910841581,-1.2101377374090232
-1.0,-0.891503889396708,-0.4097713149686374,-0.08055556722758661,1.0,1.0,5.024167822650229
-0.8500055413234836,0.12655203085752592,-0.07893572153544992,0.623697041950485,-0.8050564899195181,-0.815041742374288,-0.5618193839985903
-1.0,-1.0,-0.473620723765562,-0.607149562374221,-0.9639129704565963,-0.24572196122630222,-0.5501101351150088
0.1455559740246104,-0.7919168731893044,0.5613376731454935,-0.5897578355545835,-0.30366956469699646,-0.2178077452958187,1.2372567263832934
-1.0,-1.0,-1.0,-0.7954846730817156,1.0,0.5032519284331098,-5.020186481768207
-0.4835119540780301,-0.32527132060376296,1.0,1.0,-0.23614086032226295,0.4789276779741906,-3.118085998112414
1.0,1.0,0.0032448185823099607,0.5191501624628139,-0.3740605869474484,-0.46631624253972814,3.1480467747719105
0.050251207615135046,0.0006372064347981779,-1.0,-1.0,0.8895099711353518,-1.0,4.193805443811842
-0.9454134591388427,-0.2859469713660951,-0.5718693640858404,-1.0,1.0,1.0,6.231433670280435
-0.23287690853548593,-0.10375766295070488,1.0,0.9467157306866782,0.2703685588844311,1.0,-2.8006521447878705
1.0,0.0534706213365963,0.7434750149018199,1.0,0.14796684413627686,0.785183166645727,-2.2018470627510953
0.6958724677292415,-0.031285486657507744,0.9839196088172755,0.07194139951224299,1.0,-0.5376426256282598,-1.921266983796292
-0.46496203884994847,-0.9751619812224634,-0.7496596604964316,-0.6605472753615838,-0.43500747089262815,-1.0,2.4181978122544736
-1.0,-1.0,0.14793463425995224,-0.059799776935471116,-1.0,-0.4918849334371709,1.1922266518478417
1.0,1.0,0.14401602713271267,1.0,-0.298528989417975,-1.0,8.643045648565966
-0.6045565460343965,0.5343256131126285,-0.7088434285823163,0.4325252865646818,-0.7061517038903828,-1.0,1.7373416678198537
-0.5789655296534459,-0.35576743474251216,-0.3260038010515922,-0.16734799329782568,-0.28281280345631155,-1.0,2.669622864847342
-0.1449897828011053,-1.0,-0.4067960815027436,-1.0,1.0,-0.5134109764173423,1.978323240939722
-0.22223279025645057,0.1737461360571103,0.8198321285232442,0.17216024974170324,-0.6261763337445605,-1.0,1.9031461543970587
0.5809901010893072,0.23733278686965875,-1.0,-0.5279974766023925,1.0,1.0,3.3638952508555398
1.0,0.8460913876250571,0.9461306047624689,0.15149504512753387,1.0,0.9097597473292618,-5.741756988760544
-1.0,-0.8842776181649339,0.23861633891176548,-1.0,-0.7450723114063343,-0.09759164069040868,1.7973539471518625
-0.45897897286848344,-1.0,-1.0,0.026084931101656883,0.03126571358870056,0.6089624961699945,-1.9506258319773617
-1.0,-0.6985841818985788,0.12822743828904049,-0.08375485523999442,0.9411912808258568,-0.14883836612160042,2.949476228106629
0.1351790198073929,0.7057553351000919,0.29754669673827494,0.598457525628894,1.0,0.3042485512506663,-0.19923555597327655
-1.0,-0.9149971269328029,-1.0,1.0,-0.28443900824296753,-0.3442733029973868,-6.461678987656865
1.0,0.42534490955119575,1.0,-0.818493508460987,1.0,1.0,-3.707630570893884
-0.05365593017785941,-1.0,-1.0,-0.06973913016896605,0.11154914393994722,-1.0,0.9876018917161453
0.09354443669087797,-0.5168899826748998,0.2505566336637304,0.9728932544698387,0.315648376539634,1.0,3.3920854404330005
0.4140294658101398,0.6385010808659978,0.9647764252148964,0.08966163881906619,0.33185988572645486,-0.1856632606213736,-1.4598727661637492
-1.0,0.6801772235657485,-0.059123354613115076,-0.6027932583819078,0.19176225853286077,-1.0,2.354812177000139
1.0,-0.921990659386767,0.593271921472841,-0.3296002531114499,-0.42845396749626286,-0.34203895684925434,5.357641466189703
1.0,-0.22280003538204313,0.5013163544051793,0.40883167271244447,-0.8897966068239729,-0.03399369105349426,2.449227435054536
-0.5591934823220663,-0.19296491614609468,0.2773047948371149,0.0402180638411474,-1.0,-0.9160821792548326,-0.3945158346063828
0.39834999369566854,-0.3570455832313151,-0.5117621805720326,0.5098505286606244,0.8331097150961235,0.642175932595016,0.6121077273537672
-1.0,-1.0,-1.0,-0.15520239930711677,-0.6643762503456245,-1.0,1.9792322645577314
1.0,1.0,0.09730856112684183,1.0,1.0,0.2204470235058107,-2.0830388743042376
-0.35314360243316734,-1.0,-1.0,-0.9150199885668125,0.14757115071924987,-0.9348146835710294,1.8652758660253141
-0.34794331670751133,0.10195011828661227,0.42540019849707156,0.01146178415883789,0.5750751626914974,0.8972970125639401,2.2288980429804033
0.15382957908708306,-0.5156932020614686,-1.0,-0.8688694788846828,-0.47303669050586805,-1.0,2.5963041663404347
-0.2238148352824243,1.0,-0.037059371772912186,0.7605097877005571,1.0,0.8650186032690563,4.162157575939132
-0.5873532087437288,-0.10647918533248535,-0.8722053891017802,-1.0,0.040444162173322834,0.17380649250460622,-1.8781832023294007
1.0,1.0,1.0,0.8726190003092478,-0.39490049803185134,0.02117685166626815,0.6608036129620711
-1.0,-0.06806537207357333,-0.24437968227831752,-1.0,0.22760292638531548,0.4131474590481313,0.27339486079773545
0.8261783452513477,1.0,-0.48640868049003205,0.40113699550307147,0.8522709993383379,1.0,4.0917678206766706
1.0,0.5164505623703095,1.0,0.04876375366569763,-0.1586248290994643,-1.0,3.525905051599081
0.1608482547171949,0.31463657193507255,-0.00522505244483451,-0.05449450432205605,-0.5735295984288644,1.0,3.9070789184545323
-0.486128082546329,-0.0029547595854857445,0.1058998718900035,0.32793650697690707,0.9269073631393128,0.06624607046184772,1.620711350724137
-1.0,-0.09298057657603861,-1.0,-1.0,1.0,0.3441973905000817,1.0947835624721405
-0.8203519693424517,-1.0,0.030891673742288517,-1.0,0.4315785166676782,1.0,-1.9652055291326325
0.5460331232419416,-0.8301738476558422,0.6344040197705447,-0.6513151202486303,-0.4424643284684766,0.415255527246977,2.1192848540552895
0.16644370182670876,-0.33653717444766373,-0.7688479934612101,-0.10147915288940296,-0.9911677177773945,-1.0,2.801709414523809
1.0,1.0,0.26526025378653406,0.9795867509904675,0.7227521054857461,0.37334453760293274,-2.857631728615991
0.45446097117144685,-0.36530549194185646,-0.19692156528495375,-0.8770753658798608,0.14147632972032861,1.0,2.0192362830593935
-0.14287715743075036,-0.5704849625991424,-0.9974667063458438,-0.29871612558464733,-0.8769757063165622,-1.0,3.137091244563395
0.9752607750372935,-0.5281499877296257,-0.18161093273519013,1.0,0.7748283453090722,1.0,2.5672805521728894
0.9612977366483437,-0.36159876448454353,0.8387059138564803,-0.6018374878290921,0.5131277203948542,1.0,-3.9265508496538226
0.7250436203281329,0.023182952622328612,-0.9007068084314236,-1.0,-0.22357434487501138,-0.298559855489712,-0.6154687526187193
-1.0,-0.8249074698437956,-0.779505297572773,-1.0,-0.6719864387593035,-0.6943494496755919,1.04535706089549
0.33003523086586073,0.36962349887735046,-0.3542951565497868,0.8186946105868725,-0.18856107926605892,0.4233953940960105,1.251641964802662
0.4499652969572713,0.8650374307534328,-0.44005502604632274,1.0,0.7473045441070607,-0.5201748371252135,-1.0620084060964468
0.5176803078619104,1.0,-0.14557919569894542,1.0,0.6916938177693244,1.0,2.3160798387765262
1.0,1.0,-0.10398779804302716,0.8702144341809834,0.32401352288026414,-0.5510322589562141,2.1383275697494106
0.9090616603764078,0.9138998163411999,-0.10340251415677962,-0.947012854434411,-1.0,0.044521132096136395,7.2398157680131625
-0.29276739074799996,-1.0,-0.898249317871769,-1.0,1.0,0.005606632400042333,-4.167676624484468
-1.0,-0.14837005721002472,-0.37097990909438017,0.5104355494593891,0.5134295481091733,0.4005407284814344,1.1121406646003307
1.0,0.7941646879296891,1.0,0.6105914892680988,0.10432312510507583,0.28615523614120253,-2.49587654104003
-0.09898265791534377,-1.0,0.8518494913714869,0.23911438268039553,-0.6505527781645838,-0.18599341295707839,2.642350059008784
-0.34253419485177294,-0.8583628661700183,-0.49930708337858065,-0.9192693521955383,-0.19658835754760928,0.35827832861283465,-2.52397728266856
0.15607472388884613,-1.0,0.03916690197093586,0.043631640571525576,0.009168077467827537,0.3012831701183808,-1.2112251284707305
1.0,0.9030673527271191,0.18534107310913883,-0.15593371452467908,-1.0,0.4733390140296987,3.572302834815747
-1.0,-1.0,-0.45299093706227467,-1.0,0.061126343134020766,-1.0,3.3408840136922215
-1.0,-1.0,-0.008090365022582854,-1.0,-0.011935235500025565,-0.008442064770302293,-1.5166885187523351
-0.376123168825531,-0.0076470382285395155,-0.8013157146850585,0.5549388775094194,-0.7388938245583002,0.5815561222137702,0.9321396427194054
0.1311349819419007,0.7377214542364938,-0.03824528448656894,0.9676606319874534,0.5140782742207967,-0.1703370660246768,-0.5957472390681292
1.0,0.14984637635281572,0.48857478054757053,0.09926651806582194,1.0,1.0,-1.756316348207624
-0.09556262662607107,-0.6667870609539295,-0.5347490803310575,-0.3721435457416129,0.6582206255535599,-0.6234401639822656,1.0546868206744642
1.0,1.0,1.0,1.0,0.4505893872446345,-0.06352888467572973,-5.575942851046255
-1.0,-1.0,-0.5249494819558227,-0.4527892903181496,0.862265571889409,0.8211040777737484,0.8276340858302889
-1.0,-0.3215288486213592,-0.9656602850776228,-0.8127693734502226,-0.44056444709497833,-0.14998590753606234,-2.100842899615151
-0.014799845144528923,-0.4869174780003914,-0.7655551019801531,-0.9267052451378838,1.0,1.0,3.36256050221215
0.3249324494177946,0.5054031846417208,-1.0,-1.0,-0.5140869920512176,0.650513762483178,3.00818241037075
-0.2297472974965702,-1.0,1.0,-0.6829873951646231,0.5086961013755802,1.0,-3.044521668769103
-1.0,-1.0,-1.0,-0.6858992413235981,-0.17320247513469267,0.20418413149699344,-5.096089147087637
-0.22855747163693574,-0.24096975530957288,1.0,0.0095453899076679,1.0,0.5680487968495191,-1.8528940050864096
1.0,0.4437158190720437,1.0,0.8402736576298675,0.3040181106967716,0.12243036330354895,-1.9256157801448284
-0.14132157366404507,0.1362766783184478,0.3436269481554456,1.0,0.9574780683549349,-0.4265770724470921,0.9186028708690553
-1.0,-1.0,-1.0,-1.0,1.0,0.3113561875516906,-7.796670710065592
-0.8529522965930765,-0.2718574833431524,-0.5259270965009955,-0.8298348364769144,-0.054123584749001585,1.0,2.819373971666873
-0.7062000012507718,-1.0,-0.6067822548727828,0.2592712109841434,-1.0,0.6500576361182814,-0.777295167643314
0.4070824671393389,0.48411994653814694,-0.46121307125306354,0.9176466328847503,-0.18122562185709395,-1.0,2.899138129488106
-0.894148450242318,-1.0,-1.0,-1.0,-1.0,-0.6188726448606969,2.1520853516335308
0.5659159329562835,-1.0,1.0,0.5628346514174052,1.0,1.0,-1.8053784837071032
0.8718067111027308,-0.3894430612331276,-1.0,-0.3026435241816404,0.4676007382141845,0.8353149152234741,0.024421459104746163
1.0,0.5117288496624475,0.39903015372310147,1.0,0.28863178501024334,0.9175234222925959,0.20559373072457848
0.7523650528148025,-0.8982259589534156,0.5084225753102036,-0.5901311738076667,-0.8434876064795742,-1.0,10.38707386439486
-0.010138351539410728,0.8624203036859652,-0.6112227405703742,1.0,1.0,-1.0,0.19969371908952385
-0.36863424248784316,-0.4854917138713477,-0.3418889754829877,-0.05236179744075331,0.2705928852132147,1.0,1.9759197363347847
0.08384425812254956,-0.28901227120833817,-0.24900483997504622,0.2380164218288407,0.9313718975896514,1.0,4.170799978909037
1.0,0.040983301939427064,-0.5963694493110353,0.31991179895256083,-0.8774588972046173,0.5641597512665771,4.872352338322534
0.21440728726009856,0.10217284189494776,-0.06662844656761735,-0.016061653871308534,-1.0,0.291270991567696,1.139979011886454
-0.08040268419302765,0.37007978733528146,0.42647389950286996,0.020151585381324555,1.0,1.0,3.279282768431544
0.176231491191417,0.8145704933919073,0.28640206382393685,-1.0,0.2510474171441477,0.0915636409197163,-1.4542080611626877
0.7156204429345037,1.0,1.0,1.0,-0.7607727986515294,-0.4571785472487001,2.766576107279983
-0.5845792578041324,0.5867576296722017,0.6156864320466817,-1.0,0.12594241071210055,0.07134737480737585,-1.0657056152504165
0.3315957349797344,-0.8888147355758815,-0.31650733799890773,-0.7283327424783034,1.0,0.5661461222274509,-1.821343930601546
0.34346117342388793,1.0,0.7006725020205662,0.2555127414746692,0.8666234801451842,1.0,-0.9147155373150289
-0.07392723288045916,1.0,-1.0,0.6472799111188903,-0.505849434889928,-0.3045966657327073,2.464486784806889
0.37911672873558144,0.5173777327615988,-0.3652958944036977,-0.36130394270332916,0.14652179934128418,0.5014857890097997,1.6579800790764856
0.7374932382578294,0.9927086350692107,0.5502926282222683,0.8559481841340078,-0.5632515093120856,-1.0,5.639845315266298
0.47361913492615293,-0.13622608204231446,0.5831440839468075,0.2661588561543402,1.0,1.0,0.07738463328699063
-0.8670004435679088,-1.0,-0.3528132957544642,-1.0,0.9421573932067907,1.0,0.45626096741878397
0.145433786562742,0.6064738927053094,0.09404453706125693,0.2778453837404669,-1.0,1.0,4.535200671499608
0.7673479849885918,0.7843182883403234,-0.3622621129106559,0.2583316332986355,0.7452294034978129,-1.0,0.5846251236371088
-0.8882477760511602,-1.0,-0.8206131229555269,-1.0,-1.0,-0.06351747204579905,-0.6221353733524755
1.0,-0.5790298337343813,0.6263296688076438,0.12696557064799663,1.0,1.0,-4.1290389975779815
0.8706862280092948,0.5838970860630905,0.2934612862494632,0.5425418395532393,-0.8435016222028822,0.016257547614810797,1.4999584097029435
-0.5088645539392302,-0.8591606036384962,-0.0924915448128818,-0.6493421640299393,1.0,0.9244527630459887,2.666728108177669
-0.052644453592171625,-1.0,-1.0,-1.0,-0.5121086706345453,0.21413718106032253,-2.5134453523022113
-0.7517897359317816,-1.0,0.30094782219805916,-0.004401679247499124,-0.7171010080249681,0.20554664405306788,-0.9257651302899079
1.0,0.02520314748800545,-0.3339107030222651,1.0,1.0,1.0,1.3334597063205174
0.7281955632020344,0.2041181174618781,-0.4303354682801854,-0.5383010995143421,-1.0,-0.9386479675145999,3.7402474089128006
-1.0,-1.0,-0.18462681618535837,-0.37650031807078976,1.0,-0.7922184707402287,4.640600194858866
0.2439981548898258,0.426921652711721,1.0,0.6279202004998024,-1.0,0.03495991247681815,-1.0136124621685452
0.9048107324241182,0.21570654751730123,0.13694842193452106,0.4925335104820877,-1.0,-0.7282057884921118,6.274124088525727
-1.0,-0.9214387386072386,1.0,0.5146239916073077,0.36374318480858125,-0.2574472569716124,2.483258468691328
-0.04040041555310925,-0.01608570354362021,-0.8261476942693051,-0.8234692715333938,-0.9415378948443143,-1.0,1.549834916596628
1.0,0.41603715871456404,0.5190884440576017,1.0,-0.4546631671011218,0.8888155128636587,2.532103042953432
-0.5809013163420367,-0.9707152380507122,-0.38295075102782916,-1.0,0.5205533022900675,0.20355974648723013,-2.3156060449190696
-1.0,-0.048080686845781484,-0.8896077167075727,-1.0,0.0729136743480423,1.0,4.723933438952417
-1.0,-0.21323316495781575,-1.0,-1.0,-0.3472797714937811,-0.7180811429144494,0.19769926465719945
-0.45785123028516295,-1.0,-0.4614760252257648,-0.749667403257819,-0.3527587307000471,-0.5597055576053995,0.4126249185079329
0.1198093516460279,1.0,1.0,0.12464727055623981,-1.0,0.04673709444304358,-2.677480907611446
-1.0,-0.5341840200665573,-1.0,-1.0,0.9787220248719262,0.16605502140421524,-2.4686125047012277
1.0,0.19171819696901404,0.5270986458358664,0.8853345229840484,0.25138587098157805,1.0,-0.22852701160911043
-0.020681633999849902,0.48076410545119264,-0.9966554971439523,-0.7043737801151444,-0.9413848790171384,-1.0,-0.3320018668972118
1.0,0.3067670206526695,1.0,0.6526416218100743,0.11149356094156171,-0.09466005400468691,-0.840938236870596
-0.5777974965529736,-0.09367608547959028,-0.16314326720804234,-1.0,-1.0,0.8004424935002559,1.5756852862686583
0.1930123134289334,-0.2631082307343098,-1.0,-0.5380332959662661,-1.0,-0.2897494946074377,1.0018696533385598
0.295411343640193,1.0,0.2391523914974733,0.725021727516121,0.12981173808511337,-0.06955966887701481,-1.0529098187344488
-0.13574554476284037,0.09304940618752239,-0.5724988418976618,-0.5215148088343353,-1.0,-0.11175440771873668,-0.5474655325329938
1.0,0.5845850541174258,1.0,1.0,0.9154575540723064,0.5212092097880285,-7.315961312947822
-0.9788801302125025,-0.5822359042292857,-0.7506509341538936,-0.28783037118516663,0.5689283610065394,0.6236156478679676,1.6179369103883707
-1.0,-0.09573836428020299,-1.0,-1.0,-0.4515301782800333,0.1430810452173693,-2.1219146861379397
0.65333973113194,0.9561790891008575,0.19850546997098806,1.0,0.5411166141229102,1.0,1.0437285465712545
0.5607305040659389,1.0,1.0,1.0,-1.0,-0.40574387623601643,2.860896118050589
0.23749125347460376,-0.2785536794502853,-0.7795716599582396,-0.32731143796765594,-0.699102504984249,1.0,5.715317068695176
-0.14106398355879068,1.0,1.0,1.0,-0.9391293903777453,-0.4551189724136676,-1.2957889521010877
-0.3531776234924102,-0.15155969352156506,-1.0,-1.0,-0.34784203231036837,-1.0,2.6355228801996633
1.0,0.4975503101810115,1.0,1.0,-1.0,-1.0,7.861147331712176
